﻿Club Name;Win;Draw;Lose;Points;xG;xGA;xGD;;;;Club Name;Win;Draw;Lose;Points;xG;xGA;xGD
Napoli;5;0;1;15;16.2;8.4;7.8;;;;Bayern Munich;6;0;0;18;13.2;5.9;7.3
liverpool;5;0;1;15;12.3;6.8;5.5;;;;Inter Milan;3;1;2;10;8.7;7.1;1.6
Ajax;2;0;4;6;8.3;12.2;-3.9;;;;Barcelona;2;1;3;7;9.9;9.3;0.6
Rangers;0;0;6;0;4.9;14.3;-9.4;;;;Vikitoria Plzen;0;0;6;0;5.5;15.1;-9
;;;;;;;;;;;;;;;;;;
Club Name;Win;Draw;Lose;Points;xG;xGA;xGD;;;Club Name;Win;Draw;Lose;Points;xG;xGA;xGD;
Porto;4;0;2;12;11.9;9.3;2.6;;;Tottenham;3;2;1;11;9.1;5.7;3.4;
Club Brugge;3;2;1;11;6.9;10.7;-3.8;;;Eintracht Frankfurt;3;1;2;10;6.5;7.4;-0.9;
Bayer leverkusen;1;2;3;5;9;7.5;1.5;;;Sporting CP;2;1;3;7;3.8;9.8;-6;
Atletico Madrid;1;2;3;5;9.5;9.8;-0.3;;;Marselile;2;0;4;6;8.6;5.1;3.5;
;;;;;;;;;;;;;;;;;;
Club Name;Win;Draw;Lose;Points;xG;xGA;xGD;;;;Club Name;Win;Draw;Lose;Points;xG;xGA;xGD
Chelsea;4;1;1;13;9.5;4.3;5.2;;;;Real Madrid;4;1;1;13;13.2;7.6;5.6
Milan;3;1;2;10;9;7.3;1.7;;;;Leipzig;4;0;2;12;10.3;7.1;3.3
Salzburg;1;3;2;6;8.3;6.9;1.4;;;;Shakhtar donetsk;1;3;2;6;3.7;10.9;-7.1
Dinamo Zagreb;1;1;4;4;4.2;12.5;-8.3;;;;Celtic;0;2;4;2;9.2;10.9;-1.7
;;;;;;;;;;;;;;;;;;
Club Name;Win;Draw;Lose;Points;xG;xGA;xGD;;;;Club Name;Win;Draw;Lose;Points;xG;xGA;xGD
Manchester City;4;2;0;14;13.6;3.3;10.3;;;;Benfica;4;2;0;14;10.6;7.3;3.4
Dortmund;2;3;1;9;8.2;7.3;0.9;;;;PSG;4;2;0;14;8.9;6.9;2
Sevilla;1;2;3;6;5.4;10.2;-4.8;;;;Juventus;1;0;5;3;8.6;10.6;-2
Copenhagen;0;3;3;3;4.8;11.2;-6.4;;;;Maccabi Haifa;1;0;5;3;6.4;9.8;-3.4
;;;;;;;;;;;;;;;;;;
Groups;Home Team;score;score2;Away team;Stadium;Team XG1;Team XG2;;;;;;;;;;;
E;Dinamo Zagreb;1;0;Chelsea;Maksimir;0.6;2.3;;;;;;;;;;;
E;Salzburg;1;1;AC Milan;Red Bull Arena;3.2;4.9;;;;;;;;;;;
F;Celtic;0;3;Real Madrid;Celtic Park;2.9;3.7;;QUALIFIED TEAMS;;;;;;;;;
F;RB Leipzig;1;4;Shakhtar Donetsk;Red Bull Arena;4.1;3.5;;Group;GROUP WINNER;COUNTRY;;;;;;;
G;Borussia Dortmund;3;0;København;Signal Iduna Park;2.6;0.3;;A;Napoli;Italy;;;;;;;
G;Sevilla;0;4;Manchester City;Ramón Sánchez Pizjuán;0.4;1.4;;B;Porto;Portugal;;;;;;;
H;Paris Saint-Germain;2;1;Juventus;Parc des Princes;5.2;3.4;;C;Bayern Munich;Germany;;;;;;;
H;Benfica;2;0;Maccabi Haifa;Stadion da Luz;5.4;2.1;;D;Tottenham Hotspur;England;;;;;;;
A;Ajax;4;0;Rangers;Amsterdam Arena;0.4;2.8;;E;Chelsea;England;;;;;;;
A;Napoli;4;1;Liverpool;San Paolo;3.4;5.6;;F;Real Madrid;Spain;;;;;;;
B;Atletico Madrid;2;1;Porto;Vicente Calderon;4.2;1.2;;G;Manchester City;England;;;;;;;
B;Club Brugge;1;0;Bayer Leverkusen;Jan Breydel;4.1;0.9;;H;Benfica;Portugal;;;;;;;
C;Internazionale;0;2;Bayern Munich;San Siro;5;4;;;GROUP RUNNER UP;;;;;;;;
C;Barcelona;5;1;Viktoria Plzeň;Nou Camp;4.4;2.9;;Groups ;Runners Up;Country;;;;;;;
D;Eintracht Frankfurt;0;3;Sporting CP;Eintracht-Stadion;3.4;5.5;;A;Liverpool;England;;;;;;;
D;Tottenham Hotspur;2;0;Marseille;Tottenham Hotspur Stadium;1.7;2.8;;B;Club Brugge;Belgium;;;;;;;
A;Liverpool;2;1;Ajax;Anfield;0.5;4.3;;C;Inter Milan;Italy;;;;;;;
A;Rangers;0;3;Napoli;Ibrox Stadium;5.1;5.7;;D;Eintracht Frankfurt;Germany;;;;;;;
B;Bayer Leverkusen;2;0;Atletico Madrid;BayArena;0.9;3.1;;E;Ac Milan;Italy;;;;;;;
B;Porto;0;4;Club Brugge;Estádio do Dragão;2.6;1;;F;RB Leipzig;Germany;;;;;;;
C;Viktoria Plzeň;0;2;Internazionale;Doosan Arena;3.1;5.6;;G;Dortmund;Germany;;;;;;;
C;Bayern Munich;2;0;Barcelona;Allianz Arena;2.5;5.6;;H;PSG;France;;;;;;;
D;Sporting CP;2;0;Tottenham Hotspur;José Alvalade;1.4;1.9;;;;;;;;;;;
D;Marseille;0;1;Eintracht Frankfurt;Vélodrome;2.5;3.6;;;;;;;;;;;
E;AC Milan;3;1;Dinamo Zagreb;San Siro;2.7;3.7;;;;;;;;;;;
E;Chelsea;1;1;Salzburg;Stamford Bridge;3.4;1.8;;;;;;;;;;;
F;Shakhtar Donetsk;1;1;Celtic;Donbass Arena;1.5;1.7;;;;;;;;;;;
F;Real Madrid;2;0;RB Leipzig;Santiago Bernabeu;5.2;5.3;;;;;;;;;;;
G;Manchester City;2;1;Borussia Dortmund;Etihad;0.3;1.7;;;;;;;;;;;
G;København;0;0;Sevilla;Parken Stadium;2.2;5.4;;;;;;;;;;;
H;Juventus;1;2;Benfica;Allianz Stadium;4.8;1.6;;;;;;;;;;;
H;Maccabi Haifa;1;3;Paris Saint-Germain;Sammy Ofer;4.6;1.2;;;;;;;;;;;
A;Ajax;1;6;Napoli;Amsterdam Arena;3.9;0.7;;;;;;;;;;;
A;Liverpool;2;0;Rangers;Anfield;4.8;3.7;;;;;;;;;;;
B;Club Brugge;2;0;Atletico Madrid;Jan Breydel;3.9;3.2;;;;;;;;;;;
B;Porto;2;0;Bayer Leverkusen;Estádio do Dragão;1.2;3.5;;;;;;;;;;;
C;Bayern Munich;5;0;Viktoria Plzeň;Allianz Arena;2.6;4.7;;;;;;;;;;;
C;Internazionale;1;0;Barcelona;San Siro;2.4;2;;;;;;;;;;;
D;Marseille;4;1;Sporting CP;Vélodrome;2.8;2.9;;;;;;;;;;;
D;Eintracht Frankfurt;0;0;Tottenham Hotspur;Eintracht-Stadion;5;2.3;;;;;;;;;;;
E;Salzburg;1;0;Dinamo Zagreb;Red Bull Arena;2.7;5.9;;;;;;;;;;;
E;Chelsea;3;0;AC Milan;Stamford Bridge;1.4;3.5;;;;;;;;;;;
F;RB Leipzig;3;1;Celtic;Red Bull Arena;1.1;1;;;;;;;;;;;
F;Real Madrid;2;1;Shakhtar Donetsk;Santiago Bernabeu;1.3;1.9;;;;;;;;;;;
G;Sevilla;1;4;Borussia Dortmund;Ramón Sánchez Pizjuán;2;2.3;;;;;;;;;;;
G;Manchester City;5;0;København;Etihad;2;0.9;;;;;;;;;;;
H;Juventus;3;1;Maccabi Haifa;Allianz Stadium;3.7;3.6;;;;;;;;;;;
H;Benfica;1;1;Paris Saint-Germain;Stadion da Luz;2;5.4;;;;;;;;;;;
E;AC Milan;0;2;Chelsea;San Siro;5.6;2.2;;;;;;;;;;;
E;Dinamo Zagreb;1;1;Salzburg;Maksimir;3.4;3.1;;;;;;;;;;;
F;Celtic;0;2;RB Leipzig;Celtic Park;1.2;0.5;;;;;;;;;;;
F;Shakhtar Donetsk;1;1;Real Madrid;Donbass Arena;4.6;1.2;;;;;;;;;;;
G;København;0;0;Manchester City;Parken Stadium;4.5;3.2;;;;;;;;;;;
G;Borussia Dortmund;1;1;Sevilla;Signal Iduna Park;3.1;5.2;;;;;;;;;;;
H;Maccabi Haifa;2;0;Juventus;Sammy Ofer;1.4;3.1;;;;;;;;;;;
H;Paris Saint-Germain;1;1;Benfica;Parc des Princes;4.9;0.7;;;;;;;;;;;
A;Napoli;4;2;Ajax;San Paolo;4;2.9;;;;;;;;;;;
A;Rangers;1;7;Liverpool;Ibrox Stadium;5.4;4.4;;;;;;;;;;;
B;Atletico Madrid;0;0;Club Brugge;Vicente Calderon;4.6;5.3;;;;;;;;;;;
B;Bayer Leverkusen;0;3;Porto;BayArena;3.1;2.8;;;;;;;;;;;
C;Viktoria Plzeň;2;4;Bayern Munich;Doosan Arena;1.1;1.6;;;;;;;;;;;
C;Barcelona;3;3;Internazionale;Nou Camp;0.5;5.8;;;;;;;;;;;
D;Tottenham Hotspur;3;2;Eintracht Frankfurt;Tottenham Hotspur Stadium;2.5;4.2;;;;;;;;;;;
D;Sporting CP;0;2;Marseille;José Alvalade;1;4.8;;;;;;;;;;;
E;Salzburg;1;2;Chelsea;Red Bull Arena;1.6;2.9;;;;;;;;;;;
E;Dinamo Zagreb;0;4;AC Milan;Maksimir;1.3;1.4;;;;;;;;;;;
F;Celtic;1;1;Shakhtar Donetsk;Celtic Park;4.7;3.3;;;;;;;;;;;
F;RB Leipzig;3;2;Real Madrid;Red Bull Arena;5.1;4.1;;;;;;;;;;;
G;Sevilla;3;0;København;Ramón Sánchez Pizjuán;2.5;4.6;;;;;;;;;;;
G;Borussia Dortmund;0;0;Manchester City;Signal Iduna Park;3.3;5;;;;;;;;;;;
H;Benfica;4;3;Juventus;Stadion da Luz;5.5;4.6;;;;;;;;;;;
H;Paris Saint-Germain;7;2;Maccabi Haifa;Parc des Princes;1.2;3.3;;;;;;;;;;;
A;Ajax;0;3;Liverpool;Amsterdam Arena;5.6;2.5;;;;;;;;;;;
A;Napoli;3;0;Rangers;San Paolo;3;4.5;;;;;;;;;;;
B;Club Brugge;0;4;Porto;Jan Breydel;5.2;2.8;;;;;;;;;;;
B;Atletico Madrid;2;2;Bayer Leverkusen;Vicente Calderon;5.2;1.9;;;;;;;;;;;
C;Internazionale;4;0;Viktoria Plzeň;San Siro;3;3.4;;;;;;;;;;;
C;Barcelona;0;3;Bayern Munich;Nou Camp;1.3;1.6;;;;;;;;;;;
D;Eintracht Frankfurt;2;1;Marseille;Eintracht-Stadion;1.9;5.4;;;;;;;;;;;
D;Tottenham Hotspur;1;1;Sporting CP;Tottenham Hotspur Stadium;4.4;3.3;;;;;;;;;;;
A;Rangers;1;2;Ajax;Ibrox Stadium;2.5;4.4;;;;;;;;;;;
A;Liverpool;2;0;Napoli;Anfield;2.6;5.9;;;;;;;;;;;
B;Porto;2;1;Atletico Madrid;Estádio do Dragão;4.6;2.6;;;;;;;;;;;
B;Bayer Leverkusen;0;0;Club Brugge;BayArena;0.9;2.9;;;;;;;;;;;
C;Bayern Munich;2;0;Internazionale;Allianz Arena;4.6;2.2;;;;;;;;;;;
C;Viktoria Plzeň;2;4;Barcelona;Doosan Arena;5.8;2.4;;;;;;;;;;;
D;Sporting CP;1;2;Eintracht Frankfurt;José Alvalade;3.1;5.9;;;;;;;;;;;
D;Marseille;1;2;Tottenham Hotspur;Vélodrome;5.5;5.8;;;;;;;;;;;
E;AC Milan;4;0;Salzburg;San Siro;5.8;2.7;;;;;;;;;;;
E;Chelsea;2;1;Dinamo Zagreb;Stamford Bridge;1.5;1.3;;;;;;;;;;;
F;Real Madrid;5;1;Celtic;Santiago Bernabeu;3.5;0.5;;;;;;;;;;;
F;Shakhtar Donetsk;0;4;RB Leipzig;Donbass Arena;4.9;2.7;;;;;;;;;;;
G;København;1;1;Borussia Dortmund;Parken Stadium;1.8;1.7;;;;;;;;;;;
G;Manchester City;3;1;Sevilla;Etihad;1.4;2.6;;;;;;;;;;;
H;Juventus;1;2;Paris Saint-Germain;Allianz Stadium;1.2;3.6;;;;;;;;;;;
H;Maccabi Haifa;1;6;Benfica;Sammy Ofer;1.1;5.1;;;;;;;;;;;
