﻿('Player','Nationality','Pos','Club','Age','Born','MP','Starts','Min','90s','Goals','Assists','G+A','CrdYellow','CrdRed','xG','xAG'),
('Liel Abada','ISR','FW,MF','Celtic',20,2001,5,4,217,2.4,0,0,0,0,0,0.3,0.5),
('Oliver Abildgaard','DEN','MF','Celtic',26,1996,2,0,63,0.7,0,0,0,0,0,0,0),
('Mohammad Abu Fani','ISR','MF','Maccabi Haifa',24,1998,6,4,400,4.4,0,0,0,1,0,0.4,0.6),
('Francesco Acerbi','ITA','DF','Inter',34,1988,12,10,921,10.2,0,0,0,1,0,0.4,0.1),
('Marcos AcuÃ±a','ARG','DF,MF','Sevilla',30,1991,4,3,219,2.4,0,1,1,0,0,0.1,0.2),
('Junior Adamu','AUT','FW','RB Salzburg',21,2001,6,2,204,2.3,1,1,2,1,0,1.3,0.4),
('Antonio AdÃ¡n','ESP','GK','Sporting CP',35,1987,5,5,382,4.2,0,0,0,0,1,0,0),
('Arijan Ademi','MKD','MF','Dinamo Zagreb',31,1991,6,6,471,5.2,0,0,0,2,0,0.4,0.1),
('Karim Adeyemi','GER','FW,MF','Dortmund',20,2002,6,5,376,4.2,2,0,2,1,0,1.8,1.1),
('Amine Adli','FRA','FW,MF','Leverkusen',22,2000,4,1,121,1.3,0,0,0,0,0,0.7,0.3),
('Manuel Akanji','SUI','DF','Manchester City',27,1995,11,10,945,10.5,1,0,1,2,0,0.9,0.4),
('Nathan AkÃ©','NED','DF','Manchester City',27,1995,8,7,608,6.8,0,0,0,1,0,0.2,0.3),
('David Alaba','AUT','DF','Real Madrid',30,1992,11,9,711,7.9,0,0,0,0,0,0.3,0.6),
('Lucas Alario','ARG','FW,MF','Eint Frankfurt',29,1992,2,0,20,0.2,0,0,0,0,0,0,0),
('Jordi Alba','ESP','DF','Barcelona',33,1989,2,2,146,1.6,0,1,1,0,0,0,0.6),
('Thiago AlcÃ¡ntara','ESP','MF','Liverpool',31,1991,5,3,306,3.4,0,0,0,0,0,0.2,0.5),
('Trent Alexander-Arnold','ENG','DF','Liverpool',23,1998,7,7,625,6.9,1,0,1,2,0,0.3,1.2),
('Sotiris Alexandropoulos','GRE','MF','Sporting CP',20,2001,3,0,121,1.3,0,0,0,0,0,0.1,0),
('Faride Alidou','GER','DF,FW','Eint Frankfurt',21,2001,5,0,73,0.8,1,0,1,0,0,0.3,0.1),
('Alisson','BRA','GK','Liverpool',29,1992,8,8,720,8,0,0,0,0,0,0,0),
('Marcos Alonso','ESP','DF','Barcelona',31,1990,5,5,403,4.5,1,0,1,0,0,1,0.9),
('lvarez Balanta','COL','MF,FW','Club Brugge',29,1993,4,0,50,0.6,0,0,0,0,0,0,0),
('Edson Ãlvarez','MEX','MF','Ajax',24,1997,6,6,531,5.9,1,0,1,2,0,0.9,0.1),
('Julia¡n alvarez','ARG','FW','Manchester City',22,2000,10,4,474,5.3,3,2,5,1,0,2.4,1),
('Nadiem Amiri','GER','MF,FW','Leverkusen',25,1996,5,1,123,1.4,0,1,1,0,0,0.2,0.5),
('Robert Andrich','GER','MF','Leverkusen',27,1994,5,5,407,4.5,1,0,1,4,0,0.3,0.1),
('Peter Ankersen','DEN','DF','FC Copenhagen',31,1990,1,0,25,0.3,0,0,0,0,0,0,0),
('Ofri Arad','ISR','DF,MF','Maccabi Haifa',23,1998,2,0,22,0.2,0,0,0,0,0,0,0),
('Charles ArÃ¡nguiz','CHI','MF','Leverkusen',33,1989,4,3,215,2.4,0,0,0,0,0,0.1,0.1),
('Henrique AraÃºjo','POR','FW','Benfica',20,2002,1,0,9,0.1,1,0,1,0,0,0.2,0.1),
('Ronald AraÃºjo','URU','DF','Barcelona',23,1999,1,1,90,1,0,0,0,0,0,0.1,0),
('Scott Arfield','CAN','MF','Rangers',33,1988,4,3,267,3,1,0,1,0,0,0.6,0),
('HÃ¡kon Arnar Haraldsson','ISL','FW','FC Copenhagen',19,2003,6,3,298,3.3,1,0,1,0,0,1,0.2),
('Kepa Arrizabalaga','ESP','GK','Chelsea',27,1994,9,9,810,9,0,0,0,2,0,0,0),
('Arthur','BRA','MF,FW','Sporting CP',24,1998,3,1,111,1.2,2,0,2,0,0,0.3,0.3),
('Marco Asensio','ESP','FW,MF','Real Madrid',26,1996,12,2,324,3.6,3,1,4,0,0,0.9,1.7),
('Kristjan Asllani','ALB','MF','Inter',20,2002,5,1,129,1.4,0,0,0,0,0,0.7,0.3),
('Omer Atzili','ISR','FW,MF','Maccabi Haifa',29,1993,6,3,308,3.4,2,1,3,3,0,0.7,0.7),
('Pierre-Emerick Aubameyang','GAB','FW','Chelsea',33,1989,6,6,403,4.5,2,1,3,0,0,2.3,0.5),
('Lynnt Audoor','BEL','MF','Club Brugge',18,2003,1,0,11,0.1,0,0,0,0,0,0,0),
('Fredrik Aursnes','NOR','FW,MF','Benfica',26,1995,10,7,620,6.9,1,0,1,0,0,0.5,0.6),
('Sardar Azmoun','IRN','FW','Leverkusen',27,1995,2,0,7,0.1,0,0,0,0,0,0,0.1),
('Casar Azpilicueta','ESP','DF','Chelsea',32,1989,5,3,260,2.9,0,0,0,0,0,0,0.2),
('Youri Baas','NED','DF','Ajax',19,2003,3,0,44,0.5,0,0,0,0,0,0.1,0),
('Alexander Bah','DEN','DF','Benfica',24,1997,8,8,654,7.3,0,2,2,1,0,0.1,1),
('Eric Bailly','CIV','DF','Marseille',28,1994,5,5,302,3.4,0,0,0,2,0,0,0),
('Stefan Bajcetic','ESP','MF','Liverpool',17,2004,4,1,109,1.2,0,0,0,0,0,0,0),
('Mitchel Bakker','NED','MF,DF','Leverkusen',22,2000,5,4,338,3.8,0,0,0,2,0,0.4,0.3),
('Alejandro Balde','ESP','DF','Barcelona',18,2003,4,1,171,1.9,0,0,0,0,0,0,0),
('Leonardo Balerdi','ARG','DF','Marseille',23,1999,6,5,491,5.5,1,0,1,1,0,0.2,0),
('Fode Ballo-Toure','SEN','DF,MF','Milan',25,1997,4,1,135,1.5,0,0,0,2,0,0,0),
('Tommaso Barbieri','ITA','MF','Juventus',19,2002,1,0,3,0,0,0,0,0,0,0,0),
('Roony Bardghji','SWE','FW','FC Copenhagen',16,2005,2,1,98,1.1,0,0,0,0,0,0.3,0),
('Nicola Barella','ITA','MF','Inter',25,1997,12,12,991,11,3,0,3,3,0,1.4,0.7),
('Borna Barisic','CRO','DF','Rangers',29,1992,6,5,465,5.2,0,0,0,1,0,0,0.3),
('Enzo Barrenechea','ARG','DF','Juventus',21,2001,1,0,3,0,0,0,0,0,0,0,0),
('Pablo Barrios','ESP','MF','Atletico Madrid',19,2003,1,0,6,0.1,0,0,0,0,0,0,0),
('Calvin Bassey','NGA','DF','Ajax',22,1999,6,6,540,6,0,1,1,1,0,0,0.1),
('Fortune Bassey','NGA','FW','Viktoria Plzen',23,1998,5,1,134,1.5,0,0,0,0,0,0.2,0.1),
('Alessandro Bastoni','ITA','DF','Inter',23,1999,12,12,983,10.9,0,3,3,2,0,0.2,2),
('Dylan Batubinsika','COD','DF','Maccabi Haifa',26,1996,5,5,450,5,0,0,0,0,0,0.3,0),
('Martin Baturina','CRO','MF','Dinamo Zagreb',19,2003,5,0,60,0.7,0,0,0,1,0,0,0.1),
('Raoul Bellanova','ITA','DF,MF','Inter',22,2000,3,1,120,1.3,0,0,0,0,0,0,0),
('Hector Bellerin','ESP','DF','Barcelona',27,1995,2,2,180,2,0,0,0,0,0,0.1,0.1),
('Jude Bellingham','ENG','MF','Dortmund',19,2003,7,7,630,7,4,1,5,2,0,1.3,0.7),
('Ismael Bennacer','ALG','MF','Milan',24,1997,10,9,585,6.5,1,0,1,1,0,0.5,0.3),
('Rodrigo Bentancur','URU','MF,FW','Tottenham',25,1997,6,6,503,5.6,1,0,1,2,0,0.4,0.3),
('Karim Benzema','FRA','FW','Real Madrid',34,1987,10,9,744,8.3,4,1,5,0,0,5.1,1.8),
('Steven Berghuis','NED','MF,FW','Ajax',30,1991,6,6,462,5.1,2,2,4,1,0,1.1,0.6),
('Steven Bergwijn','NED','FW','Ajax',24,1997,6,6,519,5.8,2,0,2,1,0,1.8,0.8),
('Alexandro Bernabei','ARG','FW','Celtic',21,2000,1,0,11,0.1,0,0,0,0,0,0,0),
('Bernardo','BRA','DF','RB Salzburg',27,1995,4,2,274,3,0,0,0,0,0,0.2,0),
('Juan Bernat','ESP','DF','Paris S-G',29,1993,5,3,275,3.1,0,0,0,0,0,0,0.1),
('Victor Bernth Kristiansen','DEN','DF,MF','FC Copenhagen',19,2002,6,5,483,5.4,0,0,0,0,0,0.2,0.3),
('Modou BiramÃ© Ndiaye','SEN','MF','Viktoria Plzen',25,1996,4,2,182,2,0,0,0,1,0,0.1,0),
('Yves Bissouma','MLI','MF','Tottenham',25,1996,3,0,92,1,0,0,0,0,0,0,0),
('Janis Blaswich','GER','GK','RB Leipzig',31,1991,6,5,528,5.9,0,0,0,0,0,0,0),
('Daley Blind','NED','DF','Ajax',32,1990,5,5,407,4.5,0,0,0,0,0,0.2,0.1),
('Petar BoÄkaj','CRO','DF,FW','Dinamo Zagreb',26,1996,3,0,39,0.4,0,0,0,0,0,0.3,0),
('Nicolai Boilesen','DEN','DF','FC Copenhagen',30,1992,2,1,100,1.1,0,0,0,0,0,0,0),
('Valerii Bondar','UKR','DF','Shakhtar',23,1999,6,6,540,6,0,0,0,2,0,0,0),
('Artem Bondarenko','UKR','MF','Shakhtar',21,2000,6,6,484,5.4,0,0,0,1,0,0,0.2),
('Leonardo Bonucci','ITA','DF','Juventus',35,1987,6,5,444,4.9,1,0,1,0,0,0.8,0),
('Goncalo borges','POR','MF,FW','Porto',21,2001,4,0,39,0.4,0,0,0,1,0,0.1,0),
('Rafael borre','COL','FW','Eint Frankfurt',26,1995,8,1,228,2.5,0,0,0,0,0,0.5,0.8),
('Yassine Bounou','MAR','GK','Sevilla',31,1991,4,4,360,4,0,0,0,1,0,0,0),
('Dedryck Boyata','BEL','DF','Club Brugge',31,1990,3,1,136,1.5,0,0,0,1,0,0,0),
('Julian Brandt','GER','MF,FW','Dortmund',26,1996,7,6,476,5.3,1,1,2,0,0,0.8,1),
('Gleison Bremer','BRA','DF','Juventus',25,1997,3,3,270,3,0,0,0,1,0,0.4,0),
('Brian Brobbey','NED','FW','Ajax',20,2002,5,1,116,1.3,0,0,0,0,0,0,0.6),
('Armando Broja','ALB','FW','Chelsea',20,2001,5,0,116,1.3,0,0,0,0,0,0.1,0.1),
('Marcelo Brozovic','CRO','MF','Inter',29,1992,9,5,549,6.1,0,0,0,1,0,0.2,0.3),
('Pavel Bucha','CZE','MF','Viktoria Plzen',24,1998,5,4,364,4,0,0,0,0,1,0.1,0.6),
('Tajon Buchanan','CAN','DF,MF','Club Brugge',23,1999,6,6,520,5.8,0,2,2,2,0,0.4,0.3),
('Marko Bulat','CRO','MF','Dinamo Zagreb',20,2001,3,0,29,0.3,0,0,0,0,0,0,0),
('Sergio Busquets','ESP','MF','Barcelona',34,1988,4,4,289,3.2,0,0,0,3,0,0.2,0),
('Aurelio Buta','POR','DF','Eint Frankfurt',25,1997,2,2,158,1.8,0,0,0,0,0,0,0),
('Jamie Bynoe-Gittens','ENG','MF','Dortmund',17,2004,2,0,39,0.4,0,0,0,0,0,0,0),
('Jovane Cabral','CPV','MF','Sporting CP',24,1998,1,0,13,0.1,0,0,0,0,0,0,0),
('Davide Calabria','ITA','DF','Milan',25,1996,6,6,497,5.5,0,0,0,2,0,0.2,0.2),
('Hakan Çalhanoğlu','TUR','MF','Inter',28,1994,12,9,804,8.9,1,2,3,1,0,0.4,1.3),
('Eduardo Camavinga','FRA','MF,DF','Real Madrid',19,2002,11,8,721,8,0,1,1,3,0,0.3,0.5),
('Emre Can','GER','MF','Dortmund',28,1994,7,6,565,6.3,0,0,0,2,0,0.2,0),
('Joao Cancelo','POR','DF','Bayern Munich',28,1994,4,2,123,1.4,0,1,1,1,0,0,0.5),
('Joao Cancelo','POR','DF','Manchester City',28,1994,6,5,376,4.2,0,4,4,1,0,0.3,1.1),
('Nicolás Capaldo','ARG','MF','RB Salzburg',24,1997,3,3,270,3,0,0,0,2,0,0.2,0.1),
('Valentin Carboni','ARG','FW','Inter',17,2005,1,0,15,0.2,0,0,0,1,0,0,0),
('Fabio Cardoso','POR','DF','Porto',28,1994,4,4,360,4,0,0,0,1,0,0.2,0.1),
('David Carmo','POR','DF','Porto',23,1999,5,5,450,5,0,0,0,3,0,0.2,0.1),
('Carmona','ESP','DF','Sevilla',20,2002,5,5,450,5,0,0,0,2,0,0.5,0.3),
('Yannick Carrasco','BEL','DF,MF','Atletico Madrid',28,1993,6,3,274,3,1,1,2,0,0,1.7,0.4),
('Cameron Carter-Vickers','USA','DF','Celtic',24,1997,4,4,360,4,0,0,0,0,0,0.1,0),
('Dani Carvajal','ESP','DF','Real Madrid',30,1992,11,10,869,9.7,0,2,2,3,0,0.2,1.7),
('Fabio Carvalho','POR','MF,FW','Liverpool',19,2002,4,1,115,1.3,0,0,0,0,0,0.2,0.1),
('Marc Casado','ESP','MF','Barcelona',18,2003,1,0,24,0.3,0,0,0,0,0,0,0),
('Dani Ceballos','ESP','MF','Real Madrid',25,1996,7,0,86,1,0,0,0,0,0,0.3,0.2),
('Adam Vlkanova','CZE','MF','Viktoria Plzen',27,1994,3,0,32,0.4,0,0,0,0,0,0,0),
('El Chadaille Bitshiabu','FRA','DF','Paris S-G',17,2005,1,0,45,0.5,0,0,0,0,0,0,0),
('Trevoh Chalobah','ENG','DF','Chelsea',23,1999,6,4,439,4.9,0,0,0,0,0,0.6,0.3),
('Timothy Chandler','USA','DF','Eint Frankfurt',32,1990,1,0,12,0.1,0,0,0,0,0,0,0),
('Tjaronn Chery','SUR','MF,FW','Maccabi Haifa',34,1988,6,6,540,6,2,1,3,1,0,1.6,1.9),
('Federico Chiesa','ITA','FW','Juventus',24,1997,1,0,17,0.2,0,0,0,0,0,0.1,0.1),
('Ben Chilwell','ENG','DF,MF','Chelsea',25,1996,7,7,556,6.2,0,0,0,1,1,0.2,1.6),
('Chiquinho','POR','MF','Benfica',27,1995,9,4,404,4.5,0,1,1,0,0,0.4,0.3),
('Tomas Chory','CZE','FW','Viktoria Plzen',27,1995,6,5,361,4,2,0,2,2,0,2,0.1),
('Andreas Christensen','DEN','DF','Barcelona',26,1996,3,3,216,2.4,0,0,0,0,0,0.1,0),
('Viktor Claesson','SWE','FW,MF','FC Copenhagen',30,1992,6,6,482,5.4,0,1,1,2,0,0.5,0.7),
('Jonathan Clauss','FRA','DF','Marseille',29,1992,6,6,410,4.6,0,1,1,1,0,0.3,0.3),
('William Clem','DEN','MF','FC Copenhagen',18,2004,2,2,170,1.9,0,0,0,0,0,0.2,0),
('SebastiÃ¡n Coates','URU','DF','Sporting CP',31,1990,5,5,394,4.4,0,0,0,1,0,0.1,0),
('Josh Cohen','USA','GK','Maccabi Haifa',29,1992,6,6,540,6,0,0,0,0,0,0,0),
('Antonio ÄŒolak','CRO','FW','Rangers',28,1993,6,3,284,3.2,0,0,0,0,0,0.2,0),
('Kingsley Coman','FRA','FW,DF','Bayern Munich',26,1996,7,7,533,5.9,1,1,2,0,0,1,1.7),
('Francisco Conceição','POR','FW,MF','Ajax',19,2002,3,0,17,0.2,1,0,1,1,0,0.5,0),
('Rodrigo Conceição','POR','DF','Porto',22,2000,2,0,5,0.1,0,0,0,0,0,0,0),
('Andreas Cornelius','DEN','FW','FC Copenhagen',29,1993,2,1,109,1.2,0,0,0,0,0,0.1,0.3),
('Pierre Cornud','FRA','DF','Maccabi Haifa',25,1996,5,5,371,4.1,0,1,1,1,0,0,0.7),
('Ãngel Correa','ARG','FW,MF','Atletico Madrid',27,1995,6,3,315,3.5,0,0,0,0,0,0.8,0.4),
('JoaquÃ­n Correa','ARG','FW','Inter',27,1994,9,3,304,3.4,1,2,3,0,0,0.7,0.7),
('Bruno Xavier Almeida Costa','POR','MF','Porto',25,1997,3,1,73,0.8,0,0,0,0,0,0,0.1),
('Diogo Costa','POR','GK','Porto',22,1999,8,8,720,8,0,1,1,0,0,0,0.2),
('soumaila coulibaly','FRA','DF','Dortmund',18,2003,1,0,19,0.2,0,0,0,0,0,0,0),
('Thibaut Courtois','BEL','GK','Real Madrid',30,1992,10,10,900,10,0,0,0,0,0,0,0),
('Juan Cuadrado','COL','DF,MF','Juventus',34,1988,6,6,431,4.8,0,1,1,0,0,0.1,1.3),
('Marc Cucurella','ESP','DF','Chelsea',24,1998,8,4,414,4.6,0,0,0,2,0,0.3,0.2),
('Matheus Cunha','BRA','FW,MF','Atletico Madrid',23,1999,5,0,122,1.4,0,0,0,0,0,0.6,0.4),
('Danilo D'Ambrosio','ITA','DF','Inter',33,1988,6,1,161,1.8,0,0,0,0,0,0.2,0),
('Danilo','BRA','DF','Juventus',31,1991,5,5,427,4.7,0,0,0,3,0,0.3,0.6),
('Arnaut Danjuma','NED','MF','Tottenham',25,1997,1,0,10,0.1,0,0,0,0,0,0,0),
('Mohammed Daramy','DEN','FW','FC Copenhagen',20,2002,6,6,443,4.9,0,0,0,1,0,0.1,0.5),
('Matteo Darmian','ITA','DF','Inter',32,1989,11,9,821,9.1,0,0,0,1,0,0.1,0.3),
('Dean David','ISR','FW,DF','Maccabi Haifa',26,1996,6,3,237,2.6,1,0,1,0,0,1.9,0.1),
('Alphonso Davies','CAN','DF','Bayern Munich',21,2000,9,6,602,6.7,0,2,2,1,0,0.5,0.8),
('Ben Davies','WAL','DF','Tottenham',29,1993,7,4,392,4.4,0,0,0,0,0,0,0),
('Ben Davies','ENG','DF','Rangers',26,1995,3,3,260,2.9,0,0,0,1,0,0.1,0),
('Steven Davis','NIR','MF','Rangers',37,1985,5,3,249,2.8,0,0,0,0,0,0,0),
('Kevin De Bruyne','BEL','MF','Manchester City',31,1991,10,9,716,8,2,6,8,1,0,1.3,3.5),
('Charles De Ketelaere','BEL','MF,FW','Milan',21,2001,6,3,234,2.6,0,0,0,1,0,0.5,0),
('Rodrigo De Paul','ARG','MF','Atletico Madrid',28,1994,5,1,256,2.8,1,0,1,1,0,0.2,0.5),
('Mattia De Sciglio','ITA','DF','Juventus',29,1992,3,1,95,1.1,0,0,0,0,0,0,0),
('Amar dedic','BIH','DF','RB Salzburg',19,2002,6,6,540,6,0,0,0,0,0,0.1,0.5),
('Thomas Delaney','DEN','MF','Sevilla',30,1991,4,3,230,2.6,0,0,0,0,0,0.2,0.2),
('Ousmane Dembele','FRA','FW','Barcelona',25,1997,6,5,413,4.6,1,2,3,1,0,1.1,1.5),
('Kerem Demirbay','GER','MF','Leverkusen',29,1993,5,2,268,3,0,0,0,1,0,1.1,0.3),
('Sergino Dest','USA','DF','Milan',21,2000,4,1,191,2.1,0,0,0,0,0,0.3,0.2),
('Giovanni Di Lorenzo','ITA','DF','Napoli',28,1993,10,10,888,9.9,2,2,4,2,0,1.2,2.6),
('Ãngel Di Mari­a','ARG','FW','Juventus',34,1988,3,2,146,1.6,0,3,3,0,0,0.3,1.8),
('Moussa Diaby','FRA','FW,MF','Leverkusen',23,1999,6,6,505,5.6,2,0,2,0,0,1.7,0.8),
('Abdou Diallo','SEN','DF,MF','RB Leipzig',26,1996,5,2,227,2.5,0,0,0,0,0,0,0.1),
('Ruben Dias','POR','DF','Manchester City',25,1997,12,11,1 049,11.7,1,0,1,2,0,1.7,0.1),
('Brahim DÃ­az','ESP','MF,FW','Milan',22,1999,10,8,602,6.7,1,0,1,1,0,1.6,0.6),
('Luis DÃ­az','COL','FW','Liverpool',25,1997,3,3,269,3,1,0,1,0,0,0.5,0.3),
('Eric Dier','ENG','DF','Tottenham',28,1994,7,7,617,6.9,0,0,0,3,0,1.1,0),
('Kevin Diks','NED','DF','FC Copenhagen',25,1996,6,4,335,3.7,0,0,0,0,0,0.5,0.1),
('Federico Dimarco','ITA','DF','Inter',24,1997,11,10,728,8.1,0,5,5,2,0,1.3,3),
('Junior Dina Ebimbe','FRA','MF,DF','Eint Frankfurt',21,2000,6,3,239,2.7,0,0,0,1,0,0.1,0),
('Marko Dmitrovic','SRB','GK','Sevilla',30,1992,2,2,180,2,0,0,0,0,0,0,0),
('Matt Doherty','IRL','DF','Tottenham',30,1992,2,1,76,0.8,0,0,0,0,0,0.1,0),
('Kasper Dolberg','DEN','FW','Sevilla',24,1997,4,1,110,1.2,0,0,0,0,0,0.2,0.2),
('Gianluigi Donnarumma','ITA','GK','Paris S-G',23,1999,8,8,720,8,0,0,0,0,0,0,0),
('Julian Draxler','GER','MF','Benfica',28,1993,3,0,32,0.4,0,0,0,0,0,0.1,0),
('Josip Drmic','SUI','FW','Dinamo Zagreb',29,1992,6,0,95,1.1,0,0,0,0,0,0.1,0.3),
('Denzel Dumfries','NED','DF','Inter',26,1996,12,10,885,9.8,1,0,1,0,0,1.7,0.4),
('Edin Dzeko','BIH','FW','Inter',36,1986,13,11,824,9.2,4,1,5,2,0,3.2,0.9),
('Ederson','BRA','GK','Manchester City',28,1993,11,11,990,11,0,0,0,2,0,0,0),
('Jorge Eduardo Sanchez','MEX','DF','Ajax',24,1997,5,3,269,3,0,0,0,1,0,0.2,0.2),
('Marcus Edwards','ENG','FW,MF','Sporting CP',23,1998,6,6,352,3.9,2,1,3,0,0,0.7,0.6),
('Hugo Ekitike','FRA','MF,FW','Paris S-G',20,2002,4,0,62,0.7,0,0,0,0,0,0.2,0),
('Harvey Elliott','ENG','MF','Liverpool',19,2003,8,4,395,4.4,2,0,2,1,0,1.1,0.3),
('Elif Elmas','MKD','FW,MF','Napoli',22,1999,10,2,285,3.2,0,0,0,1,0,0.2,0.2),
('Emerson','BRA','DF,MF','Tottenham',23,1999,8,6,543,6,0,0,0,1,0,0.5,0.3),
('Youssef En-Nesyri','MAR','FW','Sevilla',25,1997,4,3,245,2.7,2,0,2,0,0,1.7,0),
('Ricardo Esgaio','POR','DF,MF','Sporting CP',29,1993,3,2,109,1.2,0,0,0,3,1,0,0),
('Dario Essugo','POR','MF','Sporting CP',17,2005,1,0,28,0.3,0,0,0,0,0,0,0),
('Stephen Eustáquio','CAN','MF','Porto',25,1996,7,7,594,6.6,2,0,2,1,0,1.4,0.6),
('Evanilson','BRA','FW','Porto',22,1999,8,6,513,5.7,1,1,2,0,0,0.9,1),
('Fabinho','BRA','MF','Liverpool',28,1993,8,7,632,7,0,0,0,0,0,0,0.2),
('Nicolò Fagioli','ITA','MF','Juventus',21,2001,2,1,108,1.2,0,0,0,1,0,0,0.2),
('Rasmus Falk','DEN','MF','FC Copenhagen',30,1992,3,2,189,2.1,0,0,0,0,0,0.1,0),
('Abdul Fatawu Issahaku','GHA','MF,DF','Sporting CP',18,2004,2,0,89,1,0,0,0,0,0,0.1,0),
('Ansu Fati','ESP','FW','Barcelona',19,2002,6,2,244,2.7,0,1,1,0,0,0.9,0.1),
('Felipe','BRA','DF','Atletico Madrid',33,1989,1,1,90,1,0,0,0,0,0,0.2,0.1),
('Joao Felix','POR','FW,MF','Chelsea',22,1999,4,3,244,2.7,0,0,0,0,0,1.6,0.3),
('Joao Felix','POR','FW','Atletico Madrid',22,1999,5,3,217,2.4,0,0,0,0,0,0.3,0.2),
('Mateus Fernandes','POR','MF','Sporting CP',18,2004,1,0,30,0.3,0,0,0,0,0,0,0),
('Enzo Fernandez','ARG','MF','Benfica',21,2001,5,5,427,4.7,0,1,1,3,0,0.5,0.3),
('Enzo Fernandez','ARG','MF','Chelsea',21,2001,4,4,332,3.7,0,0,0,1,0,0.3,0.2),
('Fernando','BRA','FW','RB Salzburg',23,1999,1,1,64,0.7,0,1,1,0,0,0.6,0.3),
('Fernando','BRA','MF','Sevilla',35,1987,1,1,90,1,0,0,0,0,0,0,0),
('Roberto Firmino','BRA','FW,MF','Liverpool',30,1991,8,4,417,4.6,2,1,3,0,0,0.7,1.6),
('Phil Foden','ENG','MF,FW','Manchester City',22,2000,8,3,384,4.3,1,2,3,1,0,1,1.3),
('Wesley Fofana','FRA','DF','Chelsea',21,2000,5,5,397,4.4,1,0,1,1,0,0.3,0.2),
('Bernardo Folha','POR','MF','Porto',20,2002,2,0,8,0.1,0,0,0,0,0,0,0),
('James Forrest','SCO','FW','Celtic',31,1991,3,0,90,1,0,0,0,0,0,0,0.5),
('Emil Forsberg','SWE','MF,FW','RB Leipzig',30,1991,8,4,402,4.5,1,0,1,0,0,0.9,0.3),
('Fraser Forster','ENG','GK','Tottenham',34,1988,2,2,180,2,0,0,0,0,0,0,0),
('Timothy Fosu-Mensah','NED','MF,DF','Leverkusen',24,1998,3,0,10,0.1,0,0,0,0,0,0,0),
('Lassina Franck Traore','BFA','FW','Shakhtar',21,2001,6,3,244,2.7,1,0,1,0,0,0.5,0.5),
('Andre Franco','POR','MF','Porto',24,1998,1,0,21,0.2,0,0,0,0,0,0,0),
('Jeremie Frimpong','NED','MF,FW','Leverkusen',21,2000,5,4,374,4.2,0,2,2,2,1,0.4,0.8),
('Kyogo Furuhashi','JPN','FW','Celtic',27,1995,6,5,359,4,0,1,1,1,0,1.7,0.4),
('Matteo Gabbia','ITA','DF','Milan',22,1999,4,2,211,2.3,1,0,1,1,0,0.4,0),
('Gianluca Gaetano','ITA','MF','Napoli',22,2000,3,0,31,0.3,0,0,0,0,0,0,0),
('Roberto Gagliardini','ITA','MF','Inter',28,1994,6,1,116,1.3,0,0,0,1,0,0.1,0.2),
('Cody Gakpo','NED','FW,MF','Liverpool',23,1999,2,2,152,1.7,0,0,0,0,0,0.1,0.2),
('Galeno','BRA','FW,MF','Porto',24,1997,8,7,563,6.3,2,1,3,0,0,2.8,0.8),
('Conor Gallagher','ENG','MF','Chelsea',22,2000,8,2,301,3.3,0,0,0,2,0,1.5,0.7),
('Eric GarcÃ­a','ESP','DF','Barcelona',21,2001,4,2,225,2.5,0,0,0,0,0,0,0.1),
('Federico Gatti','ITA','DF','Juventus',24,1998,2,2,180,2,0,0,0,1,0,0,0),
('Gavi','ESP','MF','Barcelona',17,2004,5,4,329,3.7,0,0,0,2,0,0.1,0.7),
('Gerson','BRA','MF','Marseille',25,1997,3,2,121,1.3,0,0,0,0,0,0,0),
('Giorgos Giakoumakis','GRE','FW','Celtic',27,1994,6,2,246,2.7,1,0,1,0,0,1.7,0.4),
('Samuel Gigot','FRA','DF','Marseille',28,1993,5,2,249,2.8,0,0,0,0,0,0.3,0),
('Bryan Gil','ESP','MF','Tottenham',21,2001,4,0,40,0.4,0,0,0,0,0,0,0.2),
('Gilberto','BRA','DF','Benfica',29,1993,5,2,201,2.2,0,0,0,1,0,0,0),
('Olivier Giroud','FRA','FW','Milan',35,1986,12,12,932,10.4,5,2,7,1,0,5.7,1),
('Serge Gnabry','GER','FW,MF','Bayern Munich',27,1995,8,3,343,3.8,2,3,5,0,0,1.3,1.2),
('Sean Goldberg','ISR','DF','Maccabi Haifa',27,1995,6,6,540,6,0,0,0,0,0,0.1,0.1),
('Connor Goldson','ENG','DF','Rangers',29,1992,4,4,314,3.5,0,0,0,0,0,0,0.1),
('Joe Gomez','ENG','DF','Liverpool',25,1997,5,4,298,3.3,0,1,1,1,0,0.1,0.3),
('Papu Gomez','ARG','FW,MF','Sevilla',34,1988,5,3,246,2.7,0,1,1,0,0,0.3,0.3),
('Sergio Gomez','ESP','DF,MF','Manchester City',21,2000,5,4,305,3.4,0,1,1,0,1,0.2,0.3),
('Diogo Gonçalves','POR','FW,MF','Benfica',25,1997,4,0,40,0.4,0,0,0,0,0,0,0),
('Pedro Gonçalves','POR','MF,FW','Sporting CP',24,1998,5,5,363,4,0,2,2,2,1,0.3,0.3),
('Leon Goretzka','GER','MF','Bayern Munich',27,1995,9,7,606,6.7,2,4,6,1,0,1.8,1.8),
('Robin Gosens','GER','DF','Inter',28,1994,11,3,426,4.7,1,0,1,1,0,0.3,1.1),
('Mario Gotze','GER','MF,FW','Eint Frankfurt',30,1992,7,6,522,5.8,0,2,2,2,0,0.5,0.6),
('Lucas Gourna-Douath','FRA','MF','RB Salzburg',18,2003,6,3,315,3.5,0,0,0,2,0,0,0.1),
('Kamil Grabara','POL','GK','FC Copenhagen',23,1999,4,4,360,4,0,0,0,0,0,0,0),
('Ryan Gravenberch','NED','MF','Bayern Munich',20,2002,6,2,254,2.8,0,0,0,0,0,0.5,0.6),
('Ivo Grbic','CRO','GK','Atletico Madrid',26,1996,1,1,90,1,0,0,0,0,0,0,0),
('Jack Grealish','ENG','FW','Manchester City',26,1995,13,12,933,10.4,0,1,1,1,0,1,2.9),
('Antoine Griezmann','FRA','FW,MF','Atletico Madrid',31,1991,6,4,406,4.5,1,1,2,0,0,2.5,1.2),
('Florian Grillitsch','AUT','MF','Ajax',26,1995,5,0,59,0.7,0,0,0,0,0,0,0),
('Alex Grimaldo','ESP','DF','Benfica',26,1995,10,10,900,10,2,4,6,0,0,1.2,3.2),
('Marko Grujic','SRB','MF','Porto',26,1996,4,3,278,3.1,0,0,0,1,0,0.5,0.2),
('Nemanja Gudelj','SRB','DF,MF','Sevilla',30,1991,6,5,496,5.5,0,0,0,2,0,0.1,0.1),
('Goncalo Guedes','POR','FW,MF','Benfica',25,1996,2,0,43,0.5,0,0,0,0,0,0,0),
('Matteo Guendouzi','FRA','MF','Marseille',23,1999,6,5,418,4.6,2,0,2,1,0,1.2,0.3),
('RaphaÃ«l Guerreiro','POR','DF','Dortmund',28,1993,6,5,479,5.3,2,0,2,0,0,0.7,1.1),
('Pape Gueye','SEN','MF','Marseille',23,1999,3,0,37,0.4,0,0,0,0,0,0,0),
('Peter Gulacsi','HUN','GK','RB Leipzig',32,1990,3,3,192,2.1,0,0,0,0,0,0,0),
('Ilkay Gundgan','GER','MF','Manchester City',31,1990,13,12,994,11,1,2,3,4,0,1.6,1.7),
('Josko Gvardiol','CRO','DF','RB Leipzig',20,2002,6,6,540,6,2,0,2,0,0,0.8,0.2),
('Erling Haaland','NOR','FW','Manchester City',22,2000,11,11,841,9.3,12,1,13,1,0,10.7,0.8),
('Amadou Haidara','MLI','MF','RB Leipzig',24,1998,7,4,339,3.8,0,0,0,1,0,0.3,0.5),
('Achraf Hakimi','MAR','DF,MF','Paris S-G',23,1998,8,7,580,6.4,0,2,2,1,0,0.5,0.4),
('Sead  Hakšabanović','MNE','MF,FW','Celtic',23,1999,6,3,229,2.5,0,0,0,0,0,0.1,0.6),
('Sabastien Haller','CIV','FW','Dortmund',28,1994,2,2,143,1.6,0,0,0,0,0,0.2,0),
('Marcel Halstenberg','GER','DF','RB Leipzig',30,1991,4,2,167,1.9,0,1,1,0,0,0,0.3),
('Amine Harit','MAR','MF','Marseille',25,1997,6,4,380,4.2,1,2,3,0,0,1,1.5),
('Joe Hart','ENG','GK','Celtic',35,1987,6,6,540,6,0,0,0,0,0,0,0),
('Makoto Hasebe','JPN','DF','Eint Frankfurt',38,1984,4,3,257,2.9,0,0,0,2,0,0,0),
('Reo Hatate','JPN','MF','Celtic',24,1997,6,6,448,5,0,0,0,1,0,0.3,0.4),
('Milan Havel','CZE','DF','Viktoria Plzen',27,1994,6,5,424,4.7,0,0,0,0,0,0,0.1),
('Kai Havertz','GER','FW,MF','Chelsea',23,1999,10,7,619,6.9,2,0,2,0,0,2.6,1.9),
('Eden Hazard','BEL','FW,MF','Real Madrid',31,1991,3,1,132,1.5,1,1,2,0,0,0.9,0.3),
('Thorgan Hazard','BEL','DF,FW','Dortmund',29,1993,5,3,200,2.2,1,0,1,0,0,0.3,0.3),
('Dolev Haziz','ISR','DF','Maccabi Haifa',27,1995,3,2,211,2.3,0,1,1,1,0,0,0.3),
('Lukas Hejda','CZE','DF','Viktoria Plzen',32,1990,6,6,512,5.7,0,0,0,0,0,0.1,0),
('Jordan Henderson','ENG','MF','Liverpool',32,1990,4,4,277,3.1,0,1,1,0,0,0,0.6),
('Jack Hendry','SCO','DF','Club Brugge',27,1995,1,1,90,1,0,0,0,0,0,0,0),
('Benjamin Henrichs','GER','DF,MF','RB Leipzig',25,1997,7,1,202,2.2,0,0,0,2,0,0.3,0),
('Mario Hermoso','ESP','DF','Atletico Madrid',27,1995,3,2,158,1.8,1,0,1,1,0,0.7,0.1),
('Lucas Hernandez','FRA','DF','Bayern Munich',26,1996,2,2,173,1.9,1,0,1,0,0,0.4,0),
('Theo Hernandez','FRA','DF','Milan',24,1997,11,11,945,10.5,0,1,1,2,0,0.5,1.6),
('Son Heung-min','KOR','MF,FW','Tottenham',30,1992,8,8,618,6.9,2,0,2,1,0,1.5,1.5),
('Piero Hincapie','ECU','DF','Leverkusen',20,2002,5,5,450,5,0,0,0,3,0,0,0.3),
('Adam Hlozek','CZE','MF,FW','Leverkusen',20,2002,6,3,275,3.1,0,1,1,0,0,0.5,0.8),
('Libor Hola­k','CZE','DF','Viktoria Plzen',24,1998,6,2,290,3.2,0,1,1,0,0,0.2,0.2),
('Lukas Hradecky','FIN','GK','Leverkusen',32,1989,6,6,540,6,0,0,0,1,0,0,0),
('Callum Hudson-Odoi','ENG','FW','Leverkusen',21,2000,6,6,461,5.1,1,0,1,0,0,0.8,1.2),
('Mats Hummels','GER','DF','Dortmund',33,1988,4,4,315,3.5,0,0,0,1,0,0,0),
('Pierre Hojbjerg','DEN','MF','Tottenham',26,1995,7,7,624,6.9,1,2,3,3,0,0.3,0.5),
('Samuel Iling-Junior','ENG','DF','Juventus',18,2003,1,0,21,0.2,0,1,1,0,0,0,0.2),
('Goncalo Inacio','POR','DF','Sporting CP',20,2001,6,6,540,6,0,0,0,1,0,0.2,0),
('Isco','ESP','MF,FW','Sevilla',30,1992,6,5,399,4.4,1,1,2,0,0,0.7,0.2),
('Franco Israel','URU','GK','Sporting CP',22,2000,2,1,155,1.7,0,0,0,0,0,0,0),
('Luka Ivanusec','CRO','MF','Dinamo Zagreb',23,1998,6,6,524,5.8,0,0,0,2,0,0.9,0.2),
('Ryan Jack','SCO','MF','Rangers',30,1992,4,2,191,2.1,0,1,1,1,0,0,0.3),
('Kristijan Jakic','CRO','DF','Eint Frankfurt',25,1997,8,7,616,6.8,0,0,0,2,0,0.1,0),
('Reece James','ENG','DF,MF','Chelsea',22,1999,8,8,691,7.7,1,1,2,3,0,0.5,1),
('Adnan Januzaj','BEL','FW,MF','Sevilla',27,1995,3,0,52,0.6,0,0,0,0,0,0,0),
('Luis Javier Suarez','COL','FW','Marseille',24,1997,4,1,114,1.3,0,0,0,1,0,0.5,0.3),
('Elias Jelert','DEN','DF,MF','FC Copenhagen',19,2003,4,2,192,2.1,0,0,0,0,0,0,0.1),
('Vaclav Jemelka','CZE','DF','Viktoria Plzen',27,1995,6,4,361,4,0,1,1,2,0,0,0.5),
('Valdemar Jensen','DEN','DF','FC Copenhagen',19,2003,4,3,304,3.4,0,0,0,1,0,0.3,0),
('Moritz Jenz','GER','DF','Celtic',23,1999,6,6,540,6,0,0,0,1,0,0.3,0),
('Juan Jesus','BRA','DF','Napoli',31,1991,3,2,205,2.3,0,0,0,2,0,0,0),
('Erik Jirka','SVK','FW,MF','Viktoria Plzen',24,1997,6,2,266,3,0,0,0,0,0,0.3,0.2),
('Ísak Jóhannesson','ISL','FW,MF','FC Copenhagen',19,2003,5,3,290,3.2,0,0,0,0,0,0.2,0.8),
('Curtis Jones','ENG','FW,MF','Liverpool',21,2001,2,1,100,1.1,0,0,0,0,0,0.2,0.1),
('Frenkie de Jong','NED','MF','Barcelona',25,1997,4,2,237,2.6,0,0,0,0,0,0,0.2),
('Joan Jordan','ESP','MF','Sevilla',28,1994,6,2,260,2.9,0,0,0,1,0,0,0.1),
('Jorginho','ITA','MF','Chelsea',30,1991,6,4,418,4.6,1,0,1,0,0,0.9,0.3),
('Jota','POR','FW','Celtic',23,1999,4,3,285,3.2,2,0,2,0,0,0.9,0.5),
('Diogo Jota','POR','FW,MF','Liverpool',25,1996,6,3,263,2.9,0,4,4,0,0,0.8,1.3),
('Vinicius Junior','BRA','FW','Real Madrid',22,2000,12,11,972,10.8,7,6,13,1,0,6.5,2.7),
('Josip Juranovic','CRO','DF','Celtic',26,1995,6,6,540,6,0,0,0,1,0,0.8,0.9),
('Jutgla','ESP','FW','Club Brugge',23,1999,8,6,511,5.7,2,2,4,0,0,1.8,1.4),
('Issa Kabore','BFA','DF','Marseille',21,2001,4,0,113,1.3,0,0,0,0,0,0,0),
('Pierre Kalulu','FRA','DF','Milan',22,2000,10,8,751,8.3,0,0,0,0,0,0,0.2),
('LukasKalvach','CZE','MF','Viktoria Plzen',27,1995,6,6,492,5.5,0,0,0,1,0,0.3,0.6),
('Daichi Kamada','JPN','MF,FW','Eint Frankfurt',25,1996,8,8,696,7.7,3,0,3,1,0,3,0.4),
('Glen Kamara','FIN','MF','Rangers',26,1995,4,1,127,1.4,0,0,0,0,0,0,0.1),
('Dijon Kameri','KVX','MF','RB Salzburg',18,2004,4,1,121,1.3,0,0,0,0,0,0.2,0.2),
('Kevin Kampl','SVN','MF','RB Leipzig',31,1990,5,3,273,3,0,0,0,1,0,0,0.1),
('Harry Kane','ENG','FW','Tottenham',29,1993,8,8,720,8,1,2,3,1,0,3.6,1.1),
('N'Golo Kante','FRA','MF','Chelsea',31,1991,2,2,164,1.8,0,0,0,0,0,0.6,0.2),
('Mamoudou Karamoko','FRA','FW','FC Copenhagen',22,1999,1,1,45,0.5,0,0,0,0,0,0,0),
('Moise Kean','ITA','FW,MF','Juventus',22,2000,5,1,111,1.2,1,0,1,0,0,1.4,0),
('Ryan Kent','ENG','FW,MF','Rangers',25,1996,6,6,507,5.6,0,0,0,0,0,0.3,0.4),
('Franck Kessie','CIV','MF','Barcelona',25,1996,6,3,274,3,1,0,1,0,0,0.3,0.2),
('Davit Khocholava','GEO','DF','FC Copenhagen',29,1993,5,5,428,4.8,0,0,0,1,1,0.1,0),
('Joshua Kimmich','GER','MF','Bayern Munich',27,1995,9,9,810,9,1,3,4,3,0,1.7,2.5),
('Presnel Kimpembe','FRA','DF','Paris S-G',26,1995,3,1,147,1.6,0,0,0,1,0,0,0),
('Leon King','SCO','DF','Rangers',18,2004,6,3,374,4.2,0,0,0,0,0,0.1,0),
('Simon Kjaer','DEN','DF','Milan',33,1989,6,6,508,5.6,0,0,0,0,0,0.3,0.2),
('Maurits Kjaergaard','DEN','MF','RB Salzburg',19,2003,6,6,495,5.5,0,0,0,0,0,0.6,1.4),
('Davy Klaassen','NED','MF','Ajax',29,1993,5,2,212,2.4,1,0,1,0,0,0.1,0.1),
('Jan Kliment','CZE','FW','Viktoria Plzen',28,1993,1,0,45,0.5,1,0,1,0,0,0.1,0),
('Lukas Klostermann','GER','DF','RB Leipzig',26,1996,2,1,56,0.6,0,0,0,0,0,0,0),
('Ansgar Knauff','GER','DF,FW','Eint Frankfurt',20,2002,6,3,293,3.3,0,1,1,0,0,0.5,0.5),
('Gregor Kobel','SUI','GK','Dortmund',24,1997,4,4,315,3.5,0,0,0,0,0,0,0),
('Philipp Kohn','SUI','GK','RB Salzburg',24,1998,6,6,540,6,0,0,0,0,0,0,0),
('Sekou Koita','MLI','FW','RB Salzburg',22,1999,2,0,20,0.2,0,0,0,0,0,0,0),
('Koke','ESP','MF','Atletico Madrid',30,1992,4,4,329,3.7,0,0,0,1,0,0.2,0.2),
('Sead Kolasinac','BIH','DF','Marseille',29,1993,4,1,151,1.7,0,0,0,0,0,0.3,0),
('Randal Kolo Muani','FRA','FW','Eint Frankfurt',23,1998,7,7,515,5.7,2,0,2,1,1,1.4,0.2),
('Ibrahima Konate','FRA','DF','Liverpool',23,1999,3,3,258,2.9,0,0,0,1,0,0,0.1),
('Geoffrey Kondogbia','CTA','MF','Atletico Madrid',29,1993,3,2,225,2.5,0,0,0,2,0,0.3,0),
('Yukhym Konoplia','UKR','DF','Shakhtar',22,1999,5,5,418,4.6,0,0,0,2,0,0,0.2),
('Jan Kopic','CZE','FW,MF','Viktoria Plzen',32,1990,2,2,81,0.9,0,0,0,0,0,0.1,0),
('Odilon Kossonou','CIV','DF','Leverkusen',21,2001,5,5,428,4.8,0,0,0,1,0,0.1,0.1),
('Filip Kostic','SRB','DF,FW','Juventus',29,1992,6,5,428,4.8,0,1,1,0,0,0.4,1.3),
('Kalidou Koulibaly','SEN','DF','Chelsea',31,1991,7,7,568,6.3,0,0,0,2,0,0.5,0.5),
('Jules Kounde','FRA','DF','Barcelona',23,1998,3,3,246,2.7,0,1,1,0,0,0,0.1),
('Mateo Kovacic','CRO','MF','Chelsea',28,1994,8,8,621,6.9,1,0,1,2,0,0.3,0.8),
('Adam Kronus','CZE','FW','Viktoria Plzen',20,2002,1,0,3,0,0,0,0,0,0,0.1,0),
('Toni Kroos','GER','MF','Real Madrid',32,1990,12,10,842,9.4,0,2,2,2,0,0.3,0.9),
('Rade Krunic','BIH','MF,FW','Milan',28,1993,11,9,823,9.1,1,0,1,4,0,0.9,0),
('Dmytro Kryskiv','UKR','MF','Shakhtar',21,2000,1,0,10,0.1,0,0,0,0,0,0,0),
('Serhiy Kryvtsov','UKR','DF','Shakhtar',31,1991,2,0,6,0.1,0,0,0,0,0,0,0),
('Dejan Kulusevski','SWE','MF,DF','Tottenham',22,2000,4,2,200,2.2,0,0,0,0,0,0.2,0.3),
('Khvicha Kvaratskhelia','GEO','FW','Napoli',21,2001,9,9,692,7.7,2,4,6,0,0,5.7,2.4),
('Konrad Laimer','AUT','MF,FW','RB Leipzig',25,1997,3,3,261,2.9,0,0,0,0,0,0.2,0.4),
('Erik Lamela','ARG','FW,MF','Sevilla',30,1992,5,2,278,3.1,0,0,0,2,0,0.5,0.6),
('Noa Lang','NED','FW','Club Brugge',23,1999,4,4,290,3.2,0,0,0,1,0,0.8,0.1),
('Aymeric Laporte','ESP','DF','Manchester City',28,1994,4,3,292,3.2,0,0,0,1,0,0,0.1),
('Cyle Larin','CAN','FW,MF','Club Brugge',27,1995,1,0,12,0.1,0,0,0,0,0,0,0),
('Rasmus Lauritsen','DEN','DF','Dinamo Zagreb',26,1996,1,0,15,0.2,0,0,0,0,0,0,0),
('Neta Lavi','ISR','MF','Maccabi Haifa',25,1996,6,5,469,5.2,0,0,0,2,0,0,0.3),
('Rafael Leao','POR','FW,MF','Milan',23,1999,11,11,907,10.1,1,4,5,0,0,1.6,2.7),
('Thomas Lemar','FRA','MF','Atletico Madrid',26,1995,2,1,104,1.2,0,0,0,0,0,0.1,0.2),
('Clement Lenglet','FRA','DF','Tottenham',27,1995,7,6,508,5.6,1,0,1,3,0,0.2,0.4),
('Christopher Lenz','GER','DF','Eint Frankfurt',27,1994,5,4,225,2.5,0,0,0,1,0,0.3,0.2),
('Lukas Lerager','DEN','MF','FC Copenhagen',29,1993,6,5,450,5,0,0,0,2,0,0.7,0.2),
('Robert Lewandowski','POL','FW','Barcelona',33,1988,5,5,441,4.9,5,0,5,0,0,3.2,0.7),
('Rico Lewis','ENG','DF','Manchester City',17,2004,2,1,119,1.3,1,0,1,0,0,0.3,0.1),
('Matthijs de Ligt','NED','DF','Bayern Munich',22,1999,7,7,614,6.8,0,0,0,1,0,0.1,0),
('Jesper Lindstrom','DEN','MF,FW','Eint Frankfurt',22,2000,7,7,508,5.6,1,0,1,0,0,0.9,1),
('Dominik Livakovic','CRO','GK','Dinamo Zagreb',27,1995,6,6,540,6,0,0,0,0,0,0,0),
('Robert Ljubicic','AUT','FW,DF','Dinamo Zagreb',23,1999,6,6,540,6,1,0,1,1,0,0.3,0.1),
('Marcos Llorente','ESP','MF,FW','Atletico Madrid',27,1995,3,3,212,2.4,0,0,0,0,0,0,0.1),
('Hugo Lloris','FRA','GK','Tottenham',35,1986,6,6,540,6,0,0,0,0,0,0,0),
('Danny Loader','ENG','FW,MF','Porto',21,2000,3,0,52,0.6,0,0,0,0,0,0.3,0),
('Stanislav Lobotka','SVK','MF','Napoli',27,1994,10,10,873,9.7,0,0,0,0,0,0.1,0.3),
('Manuel Locatelli','ITA','MF','Juventus',24,1998,5,2,222,2.5,0,0,0,1,0,0.5,0.3),
('Ruben Loftus-Cheek','ENG','MF','Chelsea',26,1996,7,2,285,3.2,0,1,1,0,0,0.1,0.2),
('Pau Lopez','ESP','GK','Marseille',27,1994,6,6,540,6,0,0,0,0,0,0,0),
('Alexander lowry','SCO','MF','Rangers',19,2003,1,0,8,0.1,0,0,0,0,0,0,0),
('Hirving Lozano','MEX','FW','Napoli',27,1995,9,4,467,5.2,1,1,2,0,0,1.3,1.7),
('Florentino Lui­s','POR','MF','Benfica',22,1999,10,10,859,9.5,0,0,0,2,0,0.4,0),
('Romelu Lukaku','BEL','FW','Inter',29,1993,8,0,185,2.1,3,1,4,1,0,2.7,0.6),
('John Lundstram','ENG','MF,DF','Rangers',28,1994,5,5,450,5,0,0,0,3,0,0.2,0.1),
('Andriy Lunin','UKR','GK','Real Madrid',23,1999,2,2,180,2,0,0,0,0,0,0,0),
('Mahir Madatov','AZE','FW','Dinamo Zagreb',25,1997,1,0,21,0.2,0,0,0,0,0,0,0.2),
('Daizen Maeda','JPN','FW','Celtic',24,1997,6,3,330,3.7,0,0,0,1,0,1.4,0.7),
('Riyad Mahrez','ALG','FW,MF','Manchester City',31,1991,9,6,506,5.6,3,2,5,0,0,3.5,1.8),
('Mike Maignan','FRA','GK','Milan',27,1995,7,7,630,7,0,0,0,1,0,0,0),
('Donyell Malen','NED','FW,MF','Dortmund',23,1999,6,2,248,2.8,0,0,0,1,0,0.9,0.1),
('Reinildo Mandava','MOZ','DF','Atletico Madrid',28,1994,6,6,511,5.7,0,0,0,2,0,0.3,0.1),
('Sadio Mane','SEN','FW','Bayern Munich',30,1992,9,6,552,6.1,3,1,4,0,0,1.9,0.9),
('Ivan Marcano','ESP','DF','Porto',35,1987,3,3,270,3,0,0,0,0,0,0.1,0.5),
('Marcao','BRA','DF','Sevilla',26,1996,3,3,223,2.5,0,0,0,0,0,0,0),
('Jose Mari­a Gimenez','URU','DF','Atletico Madrid',27,1995,5,5,401,4.5,0,0,0,1,0,0.5,0.1),
('Mariano','DOM','FW','Real Madrid',28,1993,1,0,6,0.1,0,0,0,0,0,0,0),
('Antonio Marin','CRO','FW','Dinamo Zagreb',21,2001,1,0,7,0.1,0,0,0,1,0,0,0),
('Joao Mario','POR','FW','Benfica',29,1993,10,10,861,9.6,6,2,8,2,0,4.7,2.8),
('Joao Mario Lopes','POR','DF','Porto',22,2000,5,4,270,3,0,0,0,3,0,0.3,0.1),
('Marquinhos','BRA','DF','Paris S-G',28,1994,8,8,653,7.3,0,0,0,0,0,0.1,0.1),
('Jose Marsa','ESP','DF','Sporting CP',20,2002,2,0,101,1.1,0,0,0,0,0,0,0),
('Lautaro Martinez','ARG','FW','Inter',24,1997,13,12,997,11.1,3,3,6,3,0,2.9,1.8),
('Toni Marti­nez','ESP','FW','Porto',25,1997,7,0,113,1.3,0,0,0,0,0,0.4,0.1),
('Clinton Mata','ANG','DF','Club Brugge',29,1992,3,2,158,1.8,0,0,0,0,0,0,0),
('Pape Matar Sarr','SEN','MF','Tottenham',19,2002,1,1,90,1,0,0,0,0,0,0.1,0),
('Joel Matip','CMR','DF','Liverpool',30,1991,4,2,243,2.7,1,0,1,1,0,0.4,0),
('Rabbi Matondo','WAL','MF,FW','Rangers',21,2000,5,0,97,1.1,0,0,0,0,0,0.1,0),
('Mykola Matviyenko','UKR','DF','Shakhtar',26,1996,6,6,540,6,0,0,0,1,0,0,0),
('Philipp Max','GER','DF','Eint Frankfurt',28,1993,2,1,113,1.3,0,0,0,0,0,0,0.1),
('Eric Maxim Choupo-Moting','CMR','FW','Bayern Munich',33,1989,7,5,435,4.8,4,0,4,0,0,2.6,0.3),
('Noussair Mazraoui','MAR','DF','Bayern Munich',24,1997,5,4,392,4.4,0,0,0,2,0,0.2,0.1),
('Kylian Mbappe','FRA','FW','Paris S-G',23,1998,8,7,651,7.2,7,3,10,0,0,3.6,1.1),
('Chancel Mbemba','COD','DF','Marseille',27,1994,5,5,406,4.5,2,1,3,0,1,0.4,0.3),
('James McCarthy','IRL','MF','Celtic',31,1990,1,0,9,0.1,0,0,0,0,0,0,0),
('Allan McGregor','SCO','GK','Rangers',40,1982,5,5,450,5,0,0,0,0,0,0,0),
('Callum McGregor','SCO','MF','Celtic',29,1993,3,3,216,2.4,0,0,0,0,0,0.1,0.2),
('Weston McKennie','USA','MF','Juventus',23,1998,5,4,360,4,2,0,2,1,0,0.6,0),
('Jon McLaughlin','SCO','GK','Rangers',34,1987,1,1,90,1,0,0,0,0,0,0,0),
('Brandon Mechele','BEL','DF','Club Brugge',29,1993,8,8,720,8,0,0,0,0,0,0,0),
('Bjorn Meijer','NED','DF','Club Brugge',19,2003,8,6,572,6.4,1,1,2,1,0,0.4,0.5),
('Raz Meir','ISR','DF,MF','Maccabi Haifa',25,1996,2,1,83,0.9,0,0,0,0,0,0,0),
('Arthur Melo','BRA','MF','Liverpool',25,1996,1,0,14,0.2,0,0,0,0,0,0.1,0),
('Memphis','NED','FW','Barcelona',28,1994,1,0,16,0.2,0,0,0,0,0,0,0),
('Sun Menachem','ISR','DF','Maccabi Haifa',28,1993,4,0,59,0.7,0,0,0,1,0,0,0),
('Nuno Mendes','POR','DF,MF','Paris S-G',20,2002,6,5,439,4.9,1,0,1,0,0,0.2,0.5),
('Edouard Mendy','SEN','GK','Chelsea',30,1992,1,1,90,1,0,0,0,0,0,0,0),
('Ferland Mendy','FRA','DF','Real Madrid',27,1995,5,4,347,3.9,0,0,0,1,0,0,0.3),
('Alex Meret','ITA','GK','Napoli',25,1997,10,10,900,10,0,0,0,0,0,0,0),
('Lionel Messi','ARG','FW,MF','Paris S-G',35,1987,7,7,613,6.8,4,4,8,0,0,2.6,2.2),
('Junior Messias','BRA','FW,DF','Milan',31,1991,9,2,316,3.5,1,0,1,0,0,0.4,0.4),
('Thomas Meunier','BEL','DF','Dortmund',30,1991,4,4,352,3.9,0,1,1,1,0,0.1,0.8),
('Alexander Meyer','GER','GK','Dortmund',31,1991,5,4,405,4.5,0,0,0,0,0,0,0),
('Simon Mignolet','BEL','GK','Club Brugge',34,1988,8,8,720,8,0,0,0,2,0,0,0),
('Arkadiusz Milik','POL','FW','Juventus',28,1994,5,3,338,3.8,2,0,2,1,0,0.4,0.5),
('Eder Militao','BRA','DF','Real Madrid',24,1998,9,9,747,8.3,1,0,1,3,0,0.5,0),
('James Milner','ENG','MF','Liverpool',36,1986,8,3,242,2.7,0,0,0,1,0,0,0),
('Kim Min-jae','KOR','DF','Napoli',25,1996,9,9,785,8.7,0,0,0,3,0,0,0),
('Rafa Mir','ESP','MF,FW','Sevilla',25,1997,3,1,156,1.7,1,0,1,1,0,0.5,0),
('Fabio Miretti','ITA','MF,FW','Juventus',18,2003,5,3,212,2.4,0,0,0,2,0,0.3,0),
('Josip Misic','CRO','MF','Dinamo Zagreb',28,1994,6,6,519,5.8,0,0,0,1,0,0.1,0),
('Henrikh Mkhitaryan','ARM','MF','Inter',33,1989,13,11,906,10.1,2,0,2,2,0,1.7,0.3),
('Anthony Modeste','FRA','FW','Dortmund',34,1988,7,4,339,3.8,0,0,0,1,0,0.6,0),
('Luka Modric','CRO','MF','Real Madrid',36,1985,10,9,743,8.3,2,1,3,0,0,1.3,1.1),
('Ali Mohamed','NIG','MF','Maccabi Haifa',26,1995,5,5,356,4,0,0,0,0,0,0,0),
('Kudus Mohammed','GHA','FW','Ajax',21,2000,6,5,448,5,4,3,7,1,0,1.8,0.3),
('Sadegh Moharrami','IRN','FW,DF','Dinamo Zagreb',26,1996,6,5,408,4.5,0,0,0,2,0,0,0.4),
('Nahuel Molina','ARG','DF,MF','Atletico Madrid',24,1998,6,6,467,5.2,0,0,0,0,0,0.2,0.8),
('Gonzalo Montiel','ARG','DF','Sevilla',25,1997,4,2,226,2.5,1,0,1,2,0,0.1,0.2),
('Aaron Mooy','AUS','MF','Celtic',31,1990,5,1,153,1.7,0,0,0,0,0,0.1,0.1),
('Alvaro Morata','ESP','FW','Atletico Madrid',29,1992,5,4,294,3.3,0,0,0,0,0,1,0.1),
('Morato','BRA','DF','Benfica',21,2001,2,1,107,1.2,0,0,0,0,0,0,0),
('Alfredo Morelos','COL','FW','Rangers',26,1996,5,3,256,2.8,0,0,0,1,0,1.6,0.1),
('Hidemasa Morita','JPN','MF','Sporting CP',27,1995,5,5,331,3.7,0,1,1,2,0,0.1,0.2),
('Jhon Mosquera','COL','FW,MF','Viktoria Plzen',32,1990,5,5,431,4.8,0,1,1,3,0,0.4,0.4),
('Youssoufa Moukoko','GER','FW,MF','Dortmund',17,2004,6,2,242,2.7,0,2,2,0,0,2.1,0.4),
('Mason Mount','ENG','MF','Chelsea',23,1999,9,5,441,4.9,0,2,2,3,0,0.8,0.8),
('Lucas Moura','BRA','FW,MF','Tottenham',29,1992,3,2,175,1.9,0,0,0,0,0,0,0.3),
('Mykhailo Mudryk','UKR','FW,DF','Chelsea',21,2001,2,1,94,1,0,0,0,1,0,0.1,0.1),
('Mykhailo Mudryk','UKR','MF','Shakhtar',21,2001,6,6,516,5.7,3,2,5,2,0,1.1,0.7),
('Paul Mukairu','NGA','FW','FC Copenhagen',22,2000,3,0,44,0.5,0,0,0,0,0,0.3,0),
('Nordi Mukiele','FRA','DF,MF','Paris S-G',24,1997,4,1,111,1.2,0,0,0,0,0,0,0),
('Thomas Muller','GER','MF,FW','Bayern Munich',32,1989,8,4,367,4.1,1,1,2,0,0,1.3,0.3),
('Petar Musa','CRO','FW','Benfica',24,1998,5,0,129,1.4,2,0,2,1,0,0.5,0.1),
('Jamal Musiala','GER','MF,FW','Bayern Munich',19,2003,9,7,528,5.9,0,2,2,0,0,1.5,1.9),
('Bohdan Mykhaylychenko','UKR','DF','Shakhtar',25,1997,4,4,360,4,0,2,2,1,0,0.1,0.3),
('Obite N'Dicka','FRA','DF','Eint Frankfurt',22,1999,8,8,720,8,0,1,1,2,0,0.1,0.1),
('Nacho','ESP','DF','Real Madrid',32,1990,8,4,440,4.9,0,0,0,0,0,0,0.1),
('Jesus Navas','ESP','DF,MF','Sevilla',36,1985,3,3,224,2.5,0,0,0,0,0,0,0.1),
('Flavio Nazinho','POR','DF,MF','Sporting CP',19,2003,3,0,120,1.3,0,0,0,0,0,0.4,0),
('Tanguy Ndombele','FRA','MF','Napoli',25,1996,9,3,373,4.1,1,1,2,0,0,0.9,1.4),
('David Neres','BRA','FW,MF','Benfica',25,1997,9,4,444,4.9,3,1,4,2,0,1.9,1.2),
('Luis Neto','POR','DF','Sporting CP',34,1988,1,0,39,0.4,0,0,0,0,0,0.1,0),
('Manuel Neuer','GER','GK','Bayern Munich',36,1986,3,3,270,3,0,0,0,0,0,0,0),
('Joao Neves','POR','FW,MF','Benfica',17,2004,3,0,29,0.3,0,1,1,0,0,0,0.1),
('Neymar','BRA','MF,FW','Paris S-G',30,1992,6,6,539,6,2,2,4,4,0,2.1,1.6),
('Tanguy Nianzou','FRA','DF','Sevilla',20,2002,2,2,180,2,1,0,1,0,0,0.1,0.4),
('Casper Nielsen','DEN','MF','Club Brugge',28,1994,8,7,645,7.2,0,1,1,2,0,0.5,0.6),
('Saul ni­guez','ESP','MF,DF','Atletico Madrid',27,1994,5,4,281,3.1,0,0,0,0,0,0.6,0.1),
('Christopher Nkunku','FRA','MF,FW','RB Leipzig',24,1997,7,6,562,6.2,3,1,4,1,0,1.6,2.5),
('Hugo Novoa','ESP','MF','RB Leipzig',19,2003,1,0,3,0,0,0,0,0,0,0,0),
('Darwin Nunez','URU','FW','Liverpool',23,1999,8,5,399,4.4,4,1,5,1,0,5,0.1),
('Antonio Nusa','NOR','FW','Club Brugge',17,2005,4,0,57,0.6,1,0,1,0,0,0.3,0),
('Matt O'Riley','DEN','MF','Celtic',21,2000,6,6,481,5.3,0,0,0,2,0,0.9,0.5),
('Jan Oblak','SVN','GK','Atletico Madrid',29,1993,5,5,450,5,0,0,0,0,0,0,0),
('Lucas Ocampos','ARG','FW','Ajax',28,1994,2,0,17,0.2,0,0,0,0,0,0.1,0),
('Oleh Ocheretko','UKR','MF','Shakhtar',19,2003,1,0,14,0.2,0,0,0,0,0,0.1,0),
('Denis Odoi','GHA','DF,MF','Club Brugge',34,1988,7,6,523,5.8,0,0,0,4,0,0.1,0.1),
('Noah Okafor','SUI','FW','RB Salzburg',22,2000,6,6,465,5.2,3,0,3,1,0,1.7,0.5),
('Mathias Olivera','URU','DF','Napoli',24,1997,8,5,514,5.7,0,2,2,1,0,0.6,0.7),
('Dani Olmo','ESP','FW,MF','RB Leipzig',24,1998,3,0,65,0.7,0,0,0,0,0,0.1,0.1),
('Andre Onana','CMR','GK','Inter',26,1996,13,13,1 170,13,0,0,0,2,0,0,0),
('Raphael Onyedika','NGA','MF','Club Brugge',21,2001,7,6,567,6.3,0,0,0,3,0,0.6,0.1),
('Willi Orban','HUN','DF','RB Leipzig',29,1992,8,8,720,8,0,0,0,0,0,0.4,0.1),
('Divock Origi','BEL','FW','Milan',27,1995,8,0,154,1.7,0,0,0,1,0,0.7,0.2),
('Mislav Orsic','CRO','FW','Dinamo Zagreb',29,1992,6,6,490,5.4,2,0,2,1,0,1.1,0.3),
('Stefan Ortega','GER','GK','Manchester City',29,1992,2,2,180,2,0,0,0,0,0,0,0),
('Victor Osimhen','NGA','FW','Napoli',23,1998,6,5,421,4.7,5,0,5,1,0,4.9,0.5),
('Nicolas Otamendi','ARG','DF','Benfica',34,1988,9,9,793,8.8,0,1,1,3,0,0.3,0.6),
('Otavio','POR','MF','Porto',27,1995,7,6,526,5.8,0,2,2,3,1,0.7,1.5),
('Alex Oxlade-Chamberlain','ENG','MF','Liverpool',28,1993,1,0,18,0.2,0,0,0,0,0,0,0),
('Salih Ozcan','TUR','MF','Dortmund',24,1998,7,7,541,6,0,1,1,4,0,0.1,0.8),
('Exequiel Palacios','ARG','MF','Leverkusen',23,1998,2,1,90,1,0,0,0,2,0,0,0),
('Cole Palmer','ENG','MF,FW','Manchester City',20,2002,4,1,138,1.5,0,0,0,0,0,0.3,0),
('Antonios Papadopoulos','GER','MF,FW','Dortmund',22,1999,2,0,10,0.1,0,0,0,0,0,0,0),
('Leandro Paredes','ARG','MF','Juventus',28,1994,4,4,354,3.9,0,1,1,1,0,0.1,0.2),
('Felix Passlack','GER','DF','Dortmund',24,1998,1,1,90,1,0,1,1,0,0,0,0),
('Remko Pasveer','NED','GK','Ajax',38,1983,6,6,540,6,0,0,0,0,0,0,0),
('Paulinho','POR','FW','Sporting CP',29,1992,5,2,236,2.6,1,0,1,1,0,0.3,0.1),
('Paulinho','BRA','FW','Leverkusen',22,2000,2,0,49,0.5,0,0,0,1,0,0.3,0.1),
('Benjamin Pavard','FRA','DF','Bayern Munich',26,1996,9,7,592,6.6,2,0,2,4,1,1.1,0.2),
('Strahinja Pavlovic','SRB','DF','RB Salzburg',21,2001,6,6,540,6,0,0,0,2,0,0.3,0.2),
('Dimitri Payet','FRA','MF','Marseille',35,1987,2,1,77,0.9,0,0,0,0,0,0.1,0.1),
('Pedri','ESP','MF,FW','Barcelona',19,2002,5,5,401,4.5,0,0,0,0,0,0.9,0.8),
('Luca Pellegrini','ITA','DF,MF','Eint Frankfurt',23,1999,4,1,201,2.2,0,0,0,1,0,0.1,0.1),
('Iñaki Peña','ESP','GK','Barcelona',23,1999,1,1,90,1,0,0,0,0,0,0,0),
('Pepe','POR','DF','Porto',39,1983,4,4,360,4,0,0,0,0,0,0,0),
('Pepe','BRA','DF,FW','Porto',25,1997,8,8,685,7.6,0,0,0,4,1,0.3,1.2),
('Danilo Pereira','POR','DF,MF','Paris S-G',30,1991,7,5,450,5,0,0,0,0,0,0,0),
('Dino Peric','CRO','DF','Dinamo Zagreb',28,1994,6,6,540,6,0,0,0,0,0,0,0.1),
('Mattia Perin','ITA','GK','Juventus',29,1992,2,2,180,2,0,0,0,1,0,0,0),
('Ivan Perisic','CRO','DF,MF','Tottenham',33,1989,7,7,572,6.4,0,3,3,0,0,0.2,1.3),
('Ludek Pernica','CZE','DF','Viktoria Plzen',32,1990,6,5,495,5.5,0,0,0,2,0,0.3,0),
('Bruno Petkovic','CRO','FW','Dinamo Zagreb',27,1994,6,6,490,5.4,1,2,3,1,0,0.5,1.1),
('Ivan Petryak','UKR','MF','Shakhtar',28,1994,6,1,180,2,0,0,0,0,0,0.1,0.1),
('Kalvin Phillips','ENG','MF','Manchester City',26,1995,3,0,41,0.5,0,0,0,0,0,0,0),
('Frantzdy Pierrot','HAI','FW','Maccabi Haifa',27,1995,6,6,481,5.3,0,2,2,1,0,0.7,0.4),
('Vaclav Pilar','CZE','FW,MF','Viktoria Plzen',33,1988,5,1,123,1.4,0,0,0,0,0,0.3,0),
('Rodrigo Pinho','BRA','FW','Benfica',31,1991,2,0,15,0.2,0,0,0,0,0,0,0),
('Gerard Pique','ESP','DF','Barcelona',35,1987,4,2,258,2.9,0,0,0,0,0,0,0),
('Tommaso Pobega','ITA','MF','Milan',23,1999,8,0,163,1.8,1,0,1,1,0,0.6,0.1),
('Suf Podgoreanu','ISR','DF','Maccabi Haifa',20,2002,1,0,12,0.1,0,0,0,0,0,0,0),
('Matteo Politano','ITA','FW','Napoli',28,1993,9,6,403,4.5,1,1,2,2,0,1.2,0.6),
('Pedro Porro','ESP','DF,MF','Sporting CP',22,1999,5,4,392,4.4,0,1,1,1,0,0.1,0.5),
('Pedro Porro','ESP','DF','Tottenham',22,1999,1,0,38,0.4,0,0,0,0,0,0.1,0.2),
('Yussuf Poulsen','DEN','FW,MF','RB Leipzig',28,1994,5,0,72,0.8,0,0,0,0,0,0,0),
('Christian Pulisic','USA','DF,FW','Chelsea',23,1998,5,1,113,1.3,0,1,1,0,0,0.2,1),
('Adrien Rabiot','FRA','MF','Juventus',27,1995,5,5,446,5,2,0,2,0,0,0.6,0.1),
('Ivan Rakitic','CRO','MF','Sevilla',34,1988,6,6,418,4.6,0,1,1,0,0,0.2,0.2),
('Goncalo Ramos','POR','FW','Benfica',21,2001,10,10,712,7.9,3,1,4,2,0,3.8,0.7),
('Sergio Ramos','ESP','DF','Paris S-G',36,1986,8,8,720,8,0,0,0,2,0,0.3,0),
('Calvin Ramsay','SCO','DF','Liverpool',19,2003,1,0,4,0,0,0,0,0,0,0,0),
('Raphinha','BRA','FW','Barcelona',25,1996,5,4,294,3.3,0,2,2,0,0,0.5,1.1),
('Giacomo Raspadori','ITA','FW','Napoli',22,2000,7,3,250,2.8,4,3,7,1,0,1,0.6),
('David Raum','GER','DF','RB Leipzig',24,1998,8,6,531,5.9,0,0,0,0,0,0,0.8),
('Ante Rebic','CRO','FW,MF','Milan',28,1993,7,2,249,2.8,0,0,0,0,0,0.8,0.4),
('Matheus Reis','BRA','DF','Sporting CP',27,1995,6,5,509,5.7,0,0,0,2,0,0.1,0.2),
('Karim Rekik','NED','DF','Sevilla',27,1994,1,1,90,1,0,0,0,0,0,0,0),
('Devyne Rensch','NED','DF','Ajax',19,2003,4,3,287,3.2,0,0,0,1,0,0.5,0),
('Marco Reus','GER','MF,FW','Dortmund',33,1989,3,3,262,2.9,1,1,2,0,0,0.9,0.8),
('Gio Reyna','USA','FW,MF','Dortmund',19,2002,6,3,383,4.3,0,2,2,0,0,0.2,1.1),
('Richarlison','BRA','MF,FW','Tottenham',25,1997,6,4,365,4.1,2,0,2,0,0,1.2,0.8),
('Stefan Ristovski','MKD','DF','Dinamo Zagreb',30,1992,5,5,370,4.1,0,0,0,1,0,0.1,0.1),
('Mats Rits','BEL','MF','Club Brugge',29,1993,1,0,17,0.2,0,0,0,0,0,0,0),
('Sergi Roberto','ESP','DF','Barcelona',30,1992,3,3,206,2.3,0,2,2,1,0,0.1,0.8),
('Andrew Robertson','SCO','DF','Liverpool',28,1994,5,4,378,4.2,0,2,2,0,0,0.1,0.5),
('Rochinha','POR','MF,FW','Sporting CP',27,1995,1,0,18,0.2,0,0,0,0,0,0,0.1),
('Sebastian Rode','GER','MF','Eint Frankfurt',31,1990,6,3,299,3.3,0,1,1,0,0,0.2,0.8),
('Rodri','ESP','MF','Manchester City',26,1996,12,11,995,11.1,2,0,2,1,0,0.9,0.6),
('Rodrygo','BRA','FW','Real Madrid',21,2001,12,10,819,9.1,5,2,7,0,0,4.5,1.5),
('Cristian Romero','ARG','DF','Tottenham',24,1998,7,7,598,6.6,0,0,0,4,1,0.3,0.1),
('Valentin Rongier','FRA','MF','Marseille',27,1994,6,5,471,5.2,0,0,0,0,0,0.4,0.1),
('Tom Rothe','GER','DF','Dortmund',17,2004,3,1,61,0.7,0,0,0,0,0,0,0),
('Amir Rrahmani','KVX','DF','Napoli',28,1994,7,7,613,6.8,0,0,0,2,0,0.2,0),
('Antonio Rudiger','GER','DF','Real Madrid',29,1993,10,6,678,7.5,1,0,1,0,0,0.3,0.4),
('Daniele Rugani','ITA','DF','Juventus',28,1994,1,1,90,1,0,0,0,0,0,0.1,0),
('Mario Rui','POR','DF','Napoli',31,1991,6,5,386,4.3,0,1,1,1,0,0.4,0.4),
('Fabian Ruiz ','ESP','MF','Paris S-G',26,1996,7,3,238,2.6,0,0,0,1,0,0.3,0.2),
('Nikita Rukavytsya','AUS','FW,MF','Maccabi Haifa',35,1987,6,0,47,0.5,0,0,0,0,0,0.1,0),
('Mathew Ryan','AUS','GK','FC Copenhagen',30,1992,2,2,180,2,0,0,0,0,0,0,0),
('Julian Ryerson','NOR','DF','Dortmund',24,1997,1,0,18,0.2,0,0,0,1,0,0,0),
('Marcel Sabitzer','AUT','MF','Bayern Munich',28,1994,6,3,280,3.1,0,0,0,3,0,0.6,0.1),
('Alexis Saelemaekers','BEL','FW,DF','Milan',23,1999,8,4,371,4.1,2,0,2,1,0,0.5,0.3),
('Fashion Sakala','ZAM','FW,MF','Rangers',25,1997,4,2,235,2.6,0,0,0,0,0,0.5,0.1),
('Mohamed Salah','EGY','FW','Liverpool',30,1992,8,7,624,6.9,8,2,10,0,0,4,2.5),
('Renato Sanches','POR','MF','Paris S-G',24,1997,3,1,141,1.6,0,0,0,0,0,0,0),
('Alexis Sanchez','CHI','FW','Marseille',33,1988,5,5,418,4.6,2,1,3,0,0,2.8,0.8),
('Davinson Sanchez','COL','DF','Tottenham',26,1996,2,0,21,0.2,0,0,0,0,0,0,0),
('Cisse Sandra','BEL','FW','Club Brugge',18,2003,1,0,8,0.1,0,0,0,0,0,0,0),
('Alex Sandro','BRA','DF','Juventus',31,1991,4,2,239,2.7,0,0,0,1,0,0,0),
('James Sands','USA','DF,MF','Rangers',22,2000,4,4,324,3.6,0,0,0,2,1,0,0),
('Leroy Sane','GER','FW,MF','Bayern Munich',26,1996,8,7,552,6.1,4,1,5,0,0,2.5,1.9),
('Nuno Santos','POR','DF,MF','Sporting CP',27,1995,6,5,295,3.3,1,0,1,1,0,0.3,0.3),
('Zaidu Sanusi','NGA','DF','Porto',25,1997,8,7,585,6.5,1,0,1,0,0,0.3,0),
('Alvaro Sanz','ESP','MF','Barcelona',21,2001,1,0,14,0.2,0,0,0,0,0,0,0),
('Pablo Sarabia','ESP','MF','Paris S-G',30,1992,3,1,91,1,0,0,0,1,0,0.1,0.1),
('Stefan Savic','MNE','DF','Atletico Madrid',31,1991,3,3,270,3,0,0,0,3,0,0,0.1),
('Patrik Schick','CZE','FW','Leverkusen',26,1996,5,5,446,5,0,0,0,0,0,2.5,0.1),
('Andreas Schjelderup','NOR','FW','Benfica',18,2004,1,0,2,0,0,0,0,0,0,0,0),
('Xaver Schlager','AUT','MF','RB Leipzig',24,1997,7,7,583,6.5,0,0,0,1,0,0.1,0.1),
('Nico Schlotterbeck','GER','DF','Dortmund',22,1999,8,6,561,6.2,0,0,0,0,0,0,0.2),
('Abdoulaye Seck','SEN','DF','Maccabi Haifa',30,1992,6,4,397,4.4,2,0,2,2,0,0.4,0),
('Nicolas Seiwald','AUT','MF','RB Salzburg',21,2001,6,6,540,6,1,0,1,0,0,0.4,0.6),
('Benjamin Sesko','SVN','FW','RB Salzburg',19,2003,6,3,330,3.7,0,0,0,0,0,1.2,0.1),
('Ryan Sessegnon','ENG','MF,DF','Tottenham',22,2000,3,2,155,1.7,0,0,0,1,0,0.2,0.3),
('Maryan Shved','UKR','MF','Shakhtar',25,1997,3,3,187,2.1,2,0,2,0,0,0.4,0),
('Danylo Sikan','UKR','FW','Shakhtar',21,2001,4,0,104,1.2,0,1,1,1,0,0.2,0.1),
('Andre Silva','POR','FW','RB Leipzig',26,1995,8,6,533,5.9,3,3,6,0,0,2.1,0.6),
('Antonio Silva','POR','DF','Benfica',18,2003,10,10,894,9.9,2,0,2,1,0,0.7,0.1),
('Bernardo Silva','POR','FW,MF','Manchester City',27,1994,13,9,911,10.1,3,1,4,2,0,1.1,1.4),
('Rafa Silva','POR','MF','Benfica',29,1993,10,10,819,9.1,5,2,7,1,0,4.3,1.1),
('Thiago Silva','BRA','DF','Chelsea',37,1984,8,7,640,7.1,0,0,0,2,0,0.7,0),
('Mohamed Simakan','FRA','DF','RB Leipzig',22,2000,7,6,511,5.7,1,3,4,1,0,0.4,1.8),
('Giovanni Simeone','ARG','FW','Napoli',27,1995,7,2,263,2.9,4,0,4,0,0,2.8,0.5),
('Roko Simic','CRO','FW','RB Salzburg',18,2003,2,0,18,0.2,0,0,0,0,0,0,0),
('Oliver Skipp','ENG','MF','Tottenham',21,2000,4,2,211,2.3,0,0,0,1,0,0,0.1),
('Leo Skiri Ostigard','NOR','DF','Napoli',22,1999,3,2,197,2.2,1,0,1,0,0,0.1,0),
('Andreas Skov Olsen','DEN','FW,MF','Club Brugge',22,1999,5,4,295,3.3,1,1,2,0,0,0.1,0.7),
('Milan Skriniar','SVK','DF','Inter',27,1995,8,6,536,6,0,0,0,0,0,0.1,0.3),
('Hrvoje Smolcic','CRO','DF','Eint Frankfurt',21,2000,3,1,122,1.4,0,0,0,2,0,0,0),
('Eduard Sobol','UKR','FW,DF','Club Brugge',27,1995,4,1,109,1.2,0,0,0,1,0,0.1,0),
('Carlos Soler','ESP','MF','Paris S-G',25,1997,6,2,155,1.7,1,0,1,0,0,0.3,0.2),
('Oumar Solet','FRA','DF','RB Salzburg',22,2000,4,4,266,3,0,0,0,0,0,0.1,0.1),
('Yann Sommer','SUI','GK','Bayern Munich',33,1988,4,4,360,4,0,0,0,0,0,0,0),
('Matias Soule','ARG','MF,FW','Juventus',19,2003,3,0,44,0.5,0,0,0,0,0,0.4,0.1),
('Djibril Sow','SUI','MF','Eint Frankfurt',25,1997,8,8,720,8,0,0,0,1,0,0.1,0.6),
('Kamal Sowah','GHA','FW,MF','Club Brugge',22,2000,7,7,591,6.6,2,0,2,4,1,2.1,0.3),
('Dario Spikic','CRO','FW,DF','Dinamo Zagreb',23,1999,6,1,167,1.9,0,0,0,0,0,0.2,0.3),
('Jorne Spileers','BEL','DF','Club Brugge',17,2005,1,0,2,0,0,0,0,0,0,0,0),
('Jerry St. Juste','NED','DF','Sporting CP',25,1996,4,3,189,2.1,0,0,0,1,0,0,0.1),
('Marko Stamenic','NZL','MF','FC Copenhagen',20,2002,3,3,269,3,0,0,0,3,0,0.1,0),
('Jindrich Stanek','CZE','GK','Viktoria PlzeÅˆ',26,1996,5,5,450,5,0,0,0,0,0,0,0),
('Josip Stanicic','CRO','DF','Bayern Munich',22,2000,8,3,349,3.9,0,0,0,2,0,0,0.1),
('Carl Starfelt','SWE','DF','Celtic',27,1995,1,1,90,1,0,0,0,0,0,0,0),
('Orri Steinn Oskarsson','ISL','MF,FW','FC Copenhagen',17,2004,2,0,22,0.2,0,0,0,0,0,0,0),
('Taras Stepanenko','UKR','MF','Shakhtar',32,1989,6,6,532,5.9,0,0,0,1,0,0,0.1),
('Raheem Sterling','ENG','FW,MF','Chelsea',27,1994,9,8,630,7,3,1,4,1,0,1.2,0.6),
('John Stones','ENG','MF,DF','Manchester City',28,1994,8,8,684,7.6,1,1,2,0,0,0.1,0.8),
('Luka Sucic','CRO','MF','RB Salzburg',19,2002,5,5,398,4.4,0,0,0,2,0,1.1,0.6),
('Heorhii Sudakov','UKR','MF','Shakhtar',19,2002,6,6,480,5.3,0,2,2,0,0,0.1,0.8),
('Niklas Sule','GER','DF','Dortmund',26,1995,8,7,675,7.5,0,0,0,2,0,0.1,0.1),
('Daniel Sundgren','SWE','DF','Maccabi Haifa',31,1990,4,4,324,3.6,0,0,0,0,0,0,0),
('Suso','ESP','FW,MF','Sevilla',28,1993,6,3,237,2.6,0,0,0,0,0,0.3,0.2),
('Josip Sutalo','CRO','DF','Dinamo Zagreb',22,2000,6,6,540,6,0,0,0,0,0,0.1,0),
('Jan Sykora','CZE','FW,DF','Viktoria Plzen',28,1993,2,2,148,1.6,1,0,1,1,0,0.5,0),
('Abakar Sylla','CIV','DF','Club Brugge',19,2002,6,6,492,5.5,1,0,1,4,0,0.1,0),
('Wojciech Szczesny','POL','GK','Juventus',32,1990,4,4,360,4,0,0,0,0,0,0,0),
('Dominik Szoboszlai','HUN','FW','RB Leipzig',21,2000,8,8,653,7.3,1,2,3,0,0,2.2,1.6),
('Christian Sorensen','DEN','DF,MF','FC Copenhagen',29,1992,5,1,102,1.1,0,0,0,1,0,0,0.3),
('Dusan Tadic','SRB','FW','Ajax',33,1988,5,5,432,4.8,0,1,1,2,1,0.4,1.6),
('Jonathan Tah','GER','DF','Leverkusen',26,1996,6,5,481,5.3,0,0,0,1,0,0.1,0.2),
('Japhet Tanganga','ENG','DF','Tottenham',23,1999,1,0,18,0.2,0,0,0,0,0,0.1,0),
('Edmond Tapsoba','BFA','DF','Leverkusen',23,1999,5,4,349,3.9,0,0,0,0,0,0.1,0.3),
('Mehdi Taremi','IRN','FW','Porto',30,1992,7,7,611,6.8,5,2,7,2,1,6,3.3),
('Ciprian Tatarusanu','ROU','GK','Milan',36,1986,5,5,450,5,0,0,0,0,0,0,0),
('Nuno Tavares','POR','DF','Marseille',22,2000,6,6,540,6,0,0,0,1,0,0.4,0.2),
('James Tavernier','ENG','DF','Rangers',30,1991,6,6,486,5.4,1,0,1,1,0,1.1,1),
('Greg Taylor','SCO','DF','Celtic',24,1997,6,6,540,6,0,0,0,0,0,0.2,0.7),
('Kenneth Taylor','NED','MF','Ajax',20,2002,6,5,417,4.6,0,1,1,2,0,0.5,1.4),
('Lucas Taylor','BRA','DF','Shakhtar',27,1995,5,3,312,3.5,0,0,0,1,0,0,0),
('Mavis Tchibota','CGO','FW','Maccabi Haifa',26,1996,4,1,93,1,0,0,0,1,0,0.1,0),
('Aurelien Tchouameni','FRA','MF','Real Madrid',22,2000,10,5,432,4.8,0,0,0,0,0,0.4,0),
('Mathys Tel','FRA','FW','Bayern Munich',17,2005,5,0,145,1.6,0,0,0,0,0,0.6,0.1),
('Alex Telles','BRA','DF,FW','Sevilla',29,1992,6,4,391,4.3,0,1,1,0,0,0.2,0.3),
('Marc-Andre ter Stegen','GER','GK','Barcelona',30,1992,5,5,450,5,0,0,0,0,0,0,0),
('Kevin Theophile-Catherine','FRA','DF','Dinamo Zagreb',32,1989,1,1,75,0.8,0,0,0,0,0,0,0),
('Malick Thiaw','GER','DF','Milan',20,2001,4,3,275,3.1,0,0,0,2,0,0.8,0.1),
('Mohamed Tijani','BEN','DF','Viktoria Plzen',25,1997,3,2,168,1.9,0,0,0,0,0,0,0.1),
('Malik Tillman','USA','MF','Rangers',20,2002,5,4,244,2.7,0,0,0,0,0,0.1,0),
('Jurrien Timber','NED','DF','Ajax',21,2001,6,6,529,5.9,0,0,0,2,0,0.4,0),
('Fikayo Tomori','ENG','DF','Milan',24,1997,10,10,827,9.2,0,0,0,4,1,0.1,0.4),
('Sandro Tonali','ITA','MF','Milan',22,2000,12,12,1 051,11.7,0,2,2,3,0,0.6,2.9),
('Pablo Torre','ESP','MF,FW','Barcelona',19,2003,3,1,95,1.1,1,0,1,1,0,0.4,0),
('Ferran Torres','ESP','FW,MF','Barcelona',22,2000,5,1,188,2.1,3,1,4,1,0,1.3,0.3),
('Andriy Totovytskyi','UKR','MF','Shakhtar',29,1993,1,0,17,0.2,0,0,0,0,0,0.1,0),
('Kevin Trapp','GER','GK','Eint Frankfurt',32,1990,8,8,720,8,0,0,0,0,0,0,0),
('Francisco Trincao','POR','MF,FW','Sporting CP',22,1999,6,5,386,4.3,2,0,2,0,0,0.5,0.4),
('Anatolii Trubin','UKR','GK','Shakhtar',20,2001,6,6,540,6,0,0,0,1,0,0,0),
('Kostas Tsimikas','GRE','DF','Liverpool',26,1996,6,4,342,3.8,0,2,2,1,0,0.1,1),
('David Turnbull','SCO','MF','Celtic',23,1999,5,0,103,1.1,0,0,0,0,0,0.1,0),
('Tuta','BRA','DF','Eint Frankfurt',23,1999,7,7,599,6.7,0,0,0,2,1,0.1,0),
('Marian Tvrdon','SVK','GK','Viktoria Plzen',27,1994,1,1,90,1,0,0,0,0,0,0,0),
('Manuel Ugarte Ribeiro','URU','MF','Sporting CP',21,2001,6,6,467,5.2,0,0,0,2,0,0,0),
('Andreas Ulmer','AUT','DF','RB Salzburg',36,1985,6,4,375,4.2,0,0,0,1,0,0.2,0.2),
('Sven Ulreich','GER','GK','Bayern Munich',33,1988,3,3,270,3,0,0,0,0,0,0,0),
('Cengiz Ãœnder','TUR','MF','Marseille',25,1997,6,1,173,1.9,0,0,0,1,0,0.5,1),
('Dayot Upamecano','FRA','DF','Bayern Munich',23,1998,10,9,713,7.9,0,0,0,2,0,0,0.1),
('Mateus Uribe','COL','MF','Porto',31,1991,7,7,610,6.8,1,0,1,3,0,1.4,0.5),
('Enrique Valiente','ESP','DF','Sevilla',20,2002,2,2,180,2,0,0,0,1,0,0,0.3),
('Jesus Vallejo','ESP','DF','Real Madrid',25,1997,1,0,18,0.2,0,0,0,0,0,0,0),
('Federico Valverde','URU','MF,FW','Real Madrid',24,1998,11,11,967,10.7,2,3,5,0,0,1.7,2.9),
('Virgil van Dijk','NED','DF','Liverpool',31,1991,8,8,720,8,0,1,1,1,0,1,0.1),
('Hans Vanaken','BEL','MF','Club Brugge',29,1992,8,8,703,7.8,0,0,0,1,0,0.3,0.8),
('Denis Vavro','SVK','DF','FC Copenhagen',26,1996,4,4,360,4,0,0,0,1,0,0.2,0),
('Lucas Vazquez','ESP','DF','Real Madrid',31,1991,5,2,202,2.2,0,1,1,1,0,0,0.7),
('Jordan Veretout','FRA','MF','Marseille',29,1993,6,6,485,5.4,0,1,1,2,0,0.1,0.5),
('Lucas VerÃ­ssimo','BRA','DF','Benfica',27,1995,2,0,6,0.1,0,0,0,0,0,0,0),
('Gabriel Veron','BRA','MF,FW','Porto',19,2002,3,0,47,0.5,0,0,0,0,0,0,0),
('Marco Verratti','ITA','MF','Paris S-G',29,1992,7,7,623,6.9,0,1,1,4,0,0.1,0.4),
('Vitinha','POR','MF','Paris S-G',22,2000,8,7,584,6.5,0,0,0,0,0,0.6,0.2),
('Odisseas Vlachodimos','GRE','GK','Benfica',28,1994,10,10,900,10,0,0,0,0,0,0,0),
('Dusan Vlahovic','SRB','FW','Juventus',22,2000,5,5,411,4.6,1,1,2,0,0,2.6,0.9),
('Adam Vlkanova','CZE','MF','Viktoria Plzen',27,1994,6,6,458,5.1,1,1,2,0,0,0.4,0.6),
('Stefan de Vrij','NED','DF','Inter',30,1992,7,3,299,3.3,0,0,0,1,0,0,0),
('Kyle Walker','ENG','DF,FW','Manchester City',32,1990,5,3,282,3.1,0,0,0,0,0,0,0.1),
('Paul Wanner','GER','DF,FW','Bayern Munich',16,2005,2,0,36,0.4,0,0,0,0,0,0.1,0.3),
('Stephen Welsh','SCO','DF','Celtic',22,2000,1,1,90,1,0,0,0,0,0,0,0),
('Wendell','BRA','DF','Porto',29,1993,6,1,143,1.6,0,0,0,0,0,0.1,0.5),
('Timo Werner','GER','FW','RB Leipzig',26,1996,8,7,500,5.6,2,2,4,1,0,2.4,0.7),
('Owen Wijndal','NED','DF','Ajax',22,1999,2,1,76,0.8,0,1,1,0,0,0,0.2),
('Josh Wilson-Esbrand','ENG','DF','Manchester City',19,2002,2,0,46,0.5,0,0,0,0,0,0,0),
('Axel Witsel','BEL','DF,MF','Atletico Madrid',33,1989,6,5,462,5.1,0,1,1,0,0,0.1,0.4),
('Maximilian Woeber','AUT','DF','RB Salzburg',24,1998,3,2,165,1.8,0,1,1,0,0,0.1,0.7),
('Marius Wolf','GER','DF','Dortmund',27,1995,4,2,176,2,0,0,0,1,0,0.3,0.1),
('Scott Wright','SCO','FW,MF','Rangers',24,1997,4,2,136,1.5,0,0,0,0,0,0,0.2),
('Roman Yaremchuk','UKR','FW','Club Brugge',26,1995,4,1,112,1.2,0,0,0,1,0,0.5,0),
('Ridvan Yilmaz','TUR','DF','Rangers',21,2001,1,1,90,1,0,0,0,0,0,0,0),
('Warren Zaire-Emery','FRA','MF','Paris S-G',16,2006,3,1,83,0.9,0,0,0,0,0,0,0.1),
('Denis Zakaria','SUI','MF','Chelsea',25,1996,2,1,74,0.8,1,0,1,0,0,0.1,0.1),
('Andre-Frank Zambo Anguissa','CMR','MF','Napoli',26,1995,8,8,650,7.2,1,3,4,2,1,0.8,1.3),
('Alessandro Zanoli','ITA','DF','Napoli',21,2000,2,0,12,0.1,0,0,0,0,0,0,0.1),
('Zeca','GRE','MF','FC Copenhagen',33,1988,2,2,161,1.8,0,0,0,0,0,0,0),
('Alessio Zerbin','ITA','FW','Napoli',23,1999,3,0,56,0.6,0,0,0,0,0,0.2,0.2),
('Piotr Zielinski','POL','MF','Napoli',28,1994,10,8,619,6.9,4,2,6,1,0,3.9,2.1),
('Hakim Ziyech','MAR','FW,MF','Chelsea',29,1993,4,1,148,1.6,0,0,0,1,0,0.6,0.4),
('Oleksandr Zubkov','UKR','FW,MF','Shakhtar',25,1996,5,5,365,4.1,2,0,2,1,0,1,0.1),
('Neven Durasek','CRO','MF','Shakhtar',23,1998,5,0,91,1,0,0,0,1,0,0,0);