﻿club_name;group;win;draw;lose;points;xg;xga;xgd;qualified
Napoli;A;5;0;1;15;16.2;8.4;7.8;Yes
Liverpool;A;5;0;1;15;12.3;6.8;5.5;Yes
Ajax;A;2;0;4;6;8.3;12.2;-3.9;No
Rangers;A;0;0;6;0;4.9;14.3;-9.4;No
Porto;B;4;0;2;12;11.9;9.3;2.6;Yes
Club Brugge;B;3;2;1;11;6.9;10.7;-3.8;Yes
Bayer Leverkusen;B;1;2;3;5;9;7.5;1.5;No
Atletico Madrid;B;1;2;3;5;9.5;9.8;-0.3;No
Bayern Munich;C;6;0;0;18;13.2;5.9;7.3;Yes
Inter Milan;C;3;1;2;10;8.7;7.1;1.6;Yes
Barcelona;C;2;1;3;7;9.9;9.3;0.6;No
Vikitoria Plzen;C;0;0;6;0;5.5;15.1;-9;No
Tottenham Hotspur;D;3;2;1;11;9.1;5.7;3.4;Yes
Eintracht Frankfurt;D;3;1;2;10;6.5;7.4;-0.9;Yes
Sporting CP;D;2;1;3;7;3.8;9.8;-6;No
Olympique Marseille;D;2;0;4;6;8.6;5.1;3.5;No
Chelsea;E;4;1;1;13;9.5;4.3;5.2;Yes
AC Milan;E;3;1;2;10;9;7.3;1.7;Yes
RB Salzburg;E;1;3;2;6;8.3;6.9;1.4;No
Dinamo Zagreb;E;1;1;4;4;4.2;12.5;-8.3;No
Real Madrid;F;4;1;1;13;13.2;7.6;5.6;Yes
RB Leipzig;F;4;0;2;12;10.3;7.1;3.3;Yes
Shakhtar Donetsk;F;1;3;2;6;3.7;10.9;-7.1;No
Celtic;F;0;2;4;2;9.2;10.9;-1.7;No
Manchester City;G;4;2;0;14;13.6;3.3;10.3;Yes
Borussia Dortmund;G;2;3;1;9;8.2;7.3;0.9;Yes
Sevilla;G;1;2;3;6;5.4;10.2;-4.8;No
FC Copenhagen;G;0;3;3;3;4.8;11.2;-6.4;No
Benfica;H;4;2;0;14;10.6;7.3;3.4;Yes
PSG;H;4;2;0;14;8.9;6.9;2;Yes
Juventus;H;1;0;5;3;8.6;10.6;-2;No
Maccabi Haifa;H;1;0;5;3;6.4;9.8;-3.4;No
